Number,A0,A1,A2,A3
0.0,0.0,0.0,0.0,0.0
1.0,3279.631860057533,4669.475849533133,2599.708181752922,3914.5495013437517
2.0,3282.4241303481585,4659.307782076174,2600.4864814458047,3914.0303033631744
3.0,3275.8002632608864,4659.085502762859,2597.593844196723,3903.90771708976
