Number,A0,A1,A2,A3
0.0,0.0,0.0,0.0,0.0
1.0,764.9252258115081,4549.489318067614,4549.489318067614,6299.292901939773
