Number,A0,A1,A2,A3
0.0,0.0,0.0,0.0,0.0
1.0,4599.483706178247,5999.326573275975,1294.8435643465764,3959.555538362143
2.0,4588.368713344982,5999.8585320952425,1293.4184248509084,3957.640946886666
3.0,4583.226522077803,5999.9352942315245,1300.7758756099843,3968.5707706127805
4.0,4587.582933585324,5989.509129495906,1298.3394869040255,3972.672437253525
5.0,4585.951544388457,5990.584966617082,1300.5882190648892,3962.04659861255
