Number,A0,A1,A2,A3
0.0,0.0,0.0,0.0,0.0
1.0,1504.8199944112355,3554.6120823848364,4674.464200625375,5704.348595704418
2.0,1508.5774515658113,3565.5902435657204,4669.513304909269,5706.895903024627
3.0,1507.4784008861513,3554.8797724249807,4671.389218102334,5706.145667142829
4.0,1511.9179534806428,3565.002749757035,4672.738997978127,5707.471201735799
