Number,A0,A1,A2,A3
0.0,0.0,0.0,0.0,0.0
1.0,1754.814110402044,3607.5950460632857,4229.5252341595615,5324.391246063606
2.0,1765.1278564634254,3606.0258127782654,4230.4467194698855,5319.376031157071
3.0,1758.9302746400135,3616.100075182773,4228.985519347776,5316.019445173998
4.0,1769.382566801752,3607.788899951336,4226.519438204962,5321.28048608288
