Number,A0,A1,A2,A3
0.0,0.0,0.0,0.0,0.0
1.0,2039.7710349138313,3804.561847500359,3762.06107374691,4969.442178196932
2.0,2037.0328673924892,3801.1591892521874,3763.2699909968287,4958.897362950479
3.0,2040.343894715361,3797.0018112468506,3753.1912123407733,4956.514762389997
4.0,2039.5622104493507,3795.6756133416734,3763.2405052953422,4955.648364351352
