Number,A0,A1,A2,A3
0.0,0.0,0.0,0.0,0.0
1.0,2464.734421573034,4044.534910431398,3279.631860057533,4579.485950933994
2.0,2470.3948981994913,4042.6593757756555,3289.8247538561795,4576.384544044185
3.0,2460.9264316135154,4052.989384898626,3283.914128160097,4578.10525499603
4.0,2471.3149239458758,4052.0716220981312,3285.3749177360214,4575.3866813360155
