Number,A0,A1,A2,A3
0.0,0.0,0.0,0.0,0.0
1.0,2925.67159223425,4297.517601990023,2859.6789999282146,4244.534638311573
2.0,2915.4952706552685,4297.257958161189,2859.8636358899903,4243.037716296373
3.0,2925.957606953078,4300.985980302052,2856.4363478197915,4240.14326882463
4.0,2927.1426844461116,4303.948683352586,2863.054265999952,4250.514799738391
5.0,2927.439064581114,4301.022648416422,2858.304700026131,4240.376315910759
