Number,A0,A1,A2,A3
0.0,0.0,0.0,0.0,0.0
1.0,3389.6195139009255,4606.467397707385,2424.716735646885,3939.55778311789
2.0,3389.908964527744,4608.016454819335,2435.133854134512,3939.894194760859
3.0,3386.771496826503,4618.882142181601,2429.314232367022,3940.1221595396823
4.0,3393.139366708556,4611.173617251615,2439.3884826833264,3935.1646704148698
5.0,3390.339679072682,4621.424021610782,2441.092405619362,3937.0335867875706
6.0,3390.607028040536,4618.138173879079,2431.0252045727107,3930.3803243453176
7.0,3391.9413644281412,4613.928799875019,2438.558926301061,3940.826763140792
8.0,3387.155443207097,4611.79612595654,2439.2821209218446,3930.7899712523385
