Number,A0,A1,A2,A3
0.0,0.0,0.0,0.0,0.0
1.0,3769.576863541737,4929.446667708426,2079.7665454023377,3672.082262866592
2.0,3769.7902861959124,4939.813410266656,2080.899693421537,3671.0320057710373
3.0,3772.5993894464236,4950.264726694085,2086.4657711537957,3676.116376851472
4.0,3776.2315950426814,4940.022480735034,2087.849777583167,3676.0994865101407
