Number,A0,A1,A2,A3
0.0,0.0,0.0,0.0,0.0
1.0,4249.522989403816,5353.385773624009,1734.8163551577907,3504.59551883656
2.0,4247.018701461281,5348.259822700761,1724.4855739371221,3504.404156096163
3.0,4257.712284384632,5339.09351526127,1721.6955837403966,3497.0309606883784
4.0,4248.485634498876,5349.3889951387355,1728.2253356216672,3496.028098015664
5.0,4249.123702962782,5350.713598310517,1738.653063268472,3498.7350152063486
6.0,4259.572286691474,5348.492025761442,1740.4520106426369,3494.8412240126536
