Number,A0,A1,A2,A3
0.0,0.0,0.0,0.0,0.0
1.0,4739.46799288802,5714.369648764186,1559.8249090517534,3409.617269145179
2.0,4744.899602907202,5725.034800604759,1560.077686763339,3411.2534730716366
