Number,A0,A1,A2,A3
0.0,0.0,0.0,0.0,0.0
1.0,4919.447790086299,5309.404017349238,2019.773279669578,2869.6778775503412
2.0,4909.290470482052,5309.87480090429,2019.952372472065,2875.618308783781
3.0,4898.237156701192,5317.745087429079,2024.459867611225,2871.9824173658862
4.0,4888.23423263042,5325.9625874315925,2028.6110847933826,2878.099058517776
5.0,4899.876389629441,5327.174737613731,2026.1157672693025,2878.4071021146315
6.0,4909.934684646002,5333.591570090723,2033.7604882987291,2879.5776450039184
7.0,4899.050753501798,5329.512603847509,2037.5459460160919,2879.8338841226077
8.0,4910.296252139362,5333.040877931324,2027.901829794287,2884.5926240927756
