Number,A0,A1,A2,A3
0.0,0.0,0.0,0.0,0.0
1.0,4439.501664224221,4959.443300574805,2214.740305582226,3009.6621642601135
2.0,4443.109189224203,4956.161754628729,2206.888097462251,3019.7620177788467
3.0,4447.204683400522,4945.873549304851,2214.1930487588174,3023.564326429973
