Number,A0,A1,A2,A3
0.0,0.0,0.0,0.0,0.0
1.0,3994.540522320765,4544.500966975372,2514.7066342460244,3238.1331916100607
2.0,3984.5071970439853,4545.380251095054,2506.3214432652617,3238.2823821251372
3.0,3984.27445744673,4545.824851028669,2516.4466469723748,3236.972274294737
4.0,3987.075640293472,4543.693257711725,2506.1469926626733,3235.3112187721085
5.0,3985.1953562575486,4543.317177332638,2516.415912687246,3236.91768689421
