Number,A0,A1,A2,A3
0.0,0.0,0.0,0.0,0.0
1.0,3629.5925768319644,4204.539127823067,2809.6846118175813,3489.6082901221916
2.0,3621.3287496933153,4209.644962163318,2810.767231980097,3499.654590772158
3.0,3622.527284978088,4199.424845423823,2808.8117957065524,3496.652962599568
