Number,A0,A1,A2,A3
0.0,0.0,0.0,0.0,0.0
1.0,3114.661467011265,3859.566762140877,3179.6430838362667,3856.0593935699576
2.0,3125.241600767247,3852.7268270155278,3184.227429478446,3856.1152739528748
3.0,3115.1690763307374,3850.5078719575267,3183.339481775685,3856.5433208777154
4.0,3108.631370889612,3860.6754449249756,3188.9968131473347,3855.4230305581455
5.0,3104.3360378072944,3861.481686834589,3178.8517376165005,3847.521102927568
