Number,A0,A1,A2,A3
0.0,0.0,0.0,0.0,0.0
1.0,2444.736666328781,3299.629615301786,4019.548804094903,4559.488195689741
2.0,2445.915577028826,3309.7058411872163,4021.1999203062987,4559.954354105276
3.0,2456.1423757956377,3319.8107889868656,4022.033145645383,4562.30911638245
4.0,2446.0407301885284,3314.4721668747306,4023.343553063481,4563.873785391918
5.0,2449.8097126530392,3324.5470409572363,4024.107794002339,4563.295885153565
6.0,2448.410394868292,3318.2879102206734,4026.47228602216,4553.200706672686
