Number,A0,A1,A2,A3
0.0,0.0,0.0,0.0,0.0
1.0,2162.7572296659887,3139.6697487854026,4459.499419468474,4959.443300574805
2.0,2157.412382240978,3136.3758791675496,4462.174705332976,4949.221608802903
3.0,2167.568098808536,3130.2788500138913,4454.903060485206,4949.681019064764
4.0,2159.986906188611,3135.455478058777,4465.487461723632,4947.509814920924
5.0,2164.142003715225,3145.557353651881,4473.296107657431,4943.80911095347
6.0,2171.749621200107,3144.281513165171,4462.623977085574,4949.162220790195
7.0,2162.2119141552603,3134.0363251715808,4465.773263591238,4954.0175978544075
