Number,A0,A1,A2,A3
0.0,0.0,0.0,0.0,0.0
1.0,1984.7882957109564,2989.6644090158607,4969.442178196932,5389.39503832625
2.0,1974.751520277477,2986.533997446617,4970.73262111047,5390.284555740622
