Number,A0,A1,A2,A3
0.0,0.0,0.0,0.0,0.0
1.0,2454.2367088416836,2544.7254425500473,5204.404714598086,5119.425342528832
