Number,A0,A1,A2,A3
0.0,0.0,0.0,0.0,0.0
1.0,2599.708181752922,2671.695665544705,4674.464200625375,4689.473604777387
2.0,2595.829727528466,2672.7766159859357,4684.534194955124,4691.794499595379
3.0,2589.9100175410117,2673.5738551374357,4674.475958918066,4687.832911710096
4.0,2599.9603424741877,2673.9585128754998,4679.903303949793,4686.7106082392365
