Number,A0,A1,A2,A3
0.0,0.0,0.0,0.0,0.0
1.0,3619.5936992098377,5319.402894971364,1874.8006418675634,4134.025973921313
2.0,3609.342587148603,5327.771348408424,1878.722761991802,4140.333390198445
3.0,3609.0985574456545,5330.304682862354,1888.8030239435702,4138.174489427018
4.0,3613.1604168822646,5329.36572850615,1878.3304198359472,4140.359136742356
5.0,3606.1451831729914,5327.672960312122,1888.8778036340047,4137.586265336276
