Number,A0,A1,A2,A3
0.0,0.0,0.0,0.0,0.0
1.0,2754.679697177063,2859.6789999282146,4290.01955254531,4329.514010380828
2.0,2744.0581133074684,2856.9297334768335,4290.433927764867,4329.865651115479
3.0,2754.2809986026186,2853.340430093864,4290.325362517392,4337.556444867696
