Number,A0,A1,A2,A3
0.0,0.0,0.0,0.0,0.0
1.0,3124.6603446333916,3119.6498181035067,3903.5485184156482,3819.5712516523704
2.0,3135.112288148646,3114.7016593700505,3902.6004854783446,3827.323517647714
3.0,3129.74522171226,3125.0055829911817,3901.4791676787754,3825.37597314372
