Number,A0,A1,A2,A3
0.0,0.0,0.0,0.0,0.0
1.0,3474.59888597018,3454.62330616357,3519.6049229885716,3389.6195139009255
