Number,A0,A1,A2,A3
0.0,0.0,0.0,0.0,0.0
1.0,3859.566762140877,3839.5690068966237,3169.6442062141396,3094.6637117670116
2.0,3858.0769419652174,3837.6502526638888,3167.713195740881,3084.5750927469508
