Number,A0,A1,A2,A3
0.0,0.0,0.0,0.0,0.0
1.0,4229.5252341595615,4239.524111781689,2929.6711432831007,2784.676330043443
2.0,4233.371343518476,4239.976730482308,2932.2009475746395,2794.8520055696513
3.0,4233.503376182744,4240.398663073627,2931.9532719708736,2784.0341385852284
