Number,A0,A1,A2,A3
0.0,0.0,0.0,0.0,0.0
1.0,4669.475849533133,4664.487498440892,2689.675904914419,2559.712671264416
2.0,4664.4721950201665,4661.461116489832,2684.8181165285796,2570.080950719369
3.0,4668.675533549833,4657.39323660832,2695.2097934225453,2573.0550555180826
4.0,4671.508451895846,4657.232457107879,2691.2033681328685,2562.8718020035194
5.0,4668.429824179438,4655.901710579131,2687.654110353629,2572.902239223047
6.0,4672.134098726721,4666.5136455456,2692.1351648858017,2571.0613298175676
7.0,4671.928667381443,4656.0952261292905,2689.898769661653,2570.186058193558
