Number,A0,A1,A2,A3
0.0,0.0,0.0,0.0,0.0
1.0,5149.421975395211,5114.414815998947,2529.716038398036,2454.713368513265
2.0,5147.719596654052,5113.729964598781,2542.0722188253917,2452.2195025243736
3.0,5141.861133710981,5117.277735118487,2552.3634338462884,2448.469415610152
