Number,A0,A1,A2,A3
0.0,0.0,0.0,0.0,0.0
1.0,5340.40053797783,4864.442875445781,3019.6610418822406,1919.7845034483119
2.0,5344.238674353906,4864.362073372191,3028.827214322347,1909.6502158450933
3.0,5339.973527684741,4863.777467822496,3030.2532647838093,1899.2610052853668
4.0,5340.665733622298,4866.942624864391,3031.92583872282,1909.7436982911008
