Number,A0,A1,A2,A3
0.0,0.0,0.0,0.0,0.0
1.0,4969.442178196932,4374.520047399219,3174.6547327440244,2074.778194310096
2.0,4965.960598620636,4384.826040874694,3167.375459009336,2075.5946180381543
3.0,4955.89513944493,4378.945156745281,3162.5557850760574,2081.9970816507393
4.0,4956.319032128129,4380.287148722113,3172.6972924797305,2074.805355423307
5.0,4957.890982081216,4383.539272189408,3161.326704867851,2078.941170450763
6.0,4961.706212377274,4386.053460211504,3171.7313466839987,2076.4218525735246
7.0,4961.207308486463,4386.629132170547,3161.129412051301,2078.4319774940254
