Number,A0,A1,A2,A3
0.0,0.0,0.0,0.0,0.0
1.0,4560.488083451954,3984.5416446986383,3329.6262481681656,2359.735118821883
