Number,A0,A1,A2,A3
0.0,0.0,0.0,0.0,0.0
1.0,3114.661467011265,5018.4388960891165,2319.7396083333765,4349.511765625081
2.0,3104.4896845295807,5018.464983854435,2317.465309867506,4344.759171211874
3.0,3111.355502654051,5016.594740667017,2306.9596919191067,4344.484113411893
4.0,3108.4377482938044,5014.224448941247,2296.8603938793217,4342.503274236367
5.0,3104.918141737294,5017.663600913208,2306.864103798013,4346.2925288055485
