Number,A0,A1,A2,A3
0.0,0.0,0.0,0.0,0.0
1.0,4184.541372578814,3539.602678232825,3559.6004334770782,2699.6969579741885
2.0,4194.581816492293,3541.2189918451936,3559.9160623765106,2700.63783178341
3.0,4184.490953881004,3545.1316977849438,3560.5359393164917,2706.496553396575
