Number,A0,A1,A2,A3
0.0,0.0,0.0,0.0,0.0
1.0,3829.570129274497,3164.633679684255,3884.552868477372,3099.6520628592534
2.0,3823.4679154797677,3153.989086538671,3888.0562449869813,3107.449699971824
3.0,3812.717865573591,3149.2628536064763,3894.5398636791674,3105.394497945873
