Number,A0,A1,A2,A3
0.0,0.0,0.0,0.0,0.0
1.0,3546.6018925683134,2724.6608888730407,4209.527478915308,3497.6029571323647
2.0,3547.275656283101,2735.0965112274657,4215.445485179978,3495.5240049652916
3.0,3546.5901982562973,2724.6973102846896,4215.228370712958,3495.3377276236974
4.0,3552.1610733714815,2735.2307763893086,4218.562964769818,3494.0222772857815
