Number,A0,A1,A2,A3
0.0,0.0,0.0,0.0,0.0
1.0,3309.6284929239127,2444.736666328781,4554.499844597499,3904.572799159268
2.0,3314.576095898051,2433.906725442221,4552.329687594162,3910.0433434150705
3.0,3307.3577598399256,2435.015538568544,4562.617694276806,3906.7604656419176
