Number,A0,A1,A2,A3
0.0,0.0,0.0,0.0,0.0
1.0,3109.65094048138,2159.757566379351,4994.45045997107,4389.507276113588
2.0,3120.3401392150568,2157.749263439109,4999.779919322549,4389.90811124823
3.0,3121.2567558126107,2147.600996805826,4995.486655433216,4389.463263348098
4.0,3123.75855178017,2157.726975076988,4990.8815075299435,4389.472622963604
5.0,3126.203507558386,2147.4459394217147,4992.738659450781,4383.473153156347
6.0,3128.7051474554632,2150.0372117021843,4989.865983372334,4393.680354533306
