Number,A0,A1,A2,A3
0.0,0.0,0.0,0.0,0.0
1.0,2994.6749355457455,2009.7744020474515,5419.39167119263,4834.468418017044
2.0,2991.3078263649945,2013.020917788684,5423.514895213485,4824.256484704002
3.0,2993.0916768857887,2008.252059101782,5433.930438462364,4824.928987466493
