Number,A0,A1,A2,A3
0.0,0.0,0.0,0.0,0.0
1.0,3484.5977635923073,1489.832765696867,5779.351265589188,4654.466445381122
2.0,3478.1342200962304,1500.3503539596968,5779.86371925175,4656.6996877913525
3.0,3477.940951527633,1490.1664851683458,5783.016561431881,4652.530116486125
4.0,3475.9920889333516,1479.7085556081333,5782.3675524610535,4650.4159213053745
5.0,3478.052450247853,1490.586850222788,5783.280554711702,4653.260045629138
