Number,A0,A1,A2,A3
0.0,0.0,0.0,0.0,0.0
1.0,3579.5981887213316,1739.8047062500325,5334.390123685733,4249.522989403816
2.0,3582.6729104257524,1735.387166071502,5332.30210947145,4238.858087801156
