Number,A0,A1,A2,A3
0.0,0.0,0.0,0.0,0.0
1.0,3769.576863541737,2068.7655624742342,4934.933853909892,3699.584720186851
2.0,3759.5752823795233,2069.193746708382,4940.034791121122,3693.5027066738608
