Number,A0,A1,A2,A3
0.0,0.0,0.0,0.0,0.0
1.0,3974.5205916388686,2479.7216502874026,4569.487073311867,3279.631860057533
2.0,3977.8995071086692,2479.9334017784086,4580.3529928846865,3277.260293692355
3.0,3973.6446085442803,2484.545142877923,4590.941047364566,3277.600679892771
4.0,3973.082396030936,2494.9488563566592,4588.6740430386535,3275.0123319884447
5.0,3975.347651549078,2484.3081090602673,4585.6846936791935,3280.0676541256144
6.0,3976.7345855008316,2494.507105407762,4591.203953825909,3277.8617207263096
7.0,3970.7496088938697,2484.1309019691553,4596.092826701507,3281.5198206244663
8.0,3965.6406135956618,2495.0158007136083,4604.2665470791,3281.9734005153678
