Number,A0,A1,A2,A3
0.0,0.0,0.0,0.0,0.0
1.0,2621.7057125216006,4701.4766930114665,2775.6795577272937,4619.481461422501
2.0,2624.066795757149,4704.397936173119,2776.949915812097,4608.93645796796
3.0,2624.1832119677188,4707.682587614438,2766.522594488591,4613.431932837644
