Number,A0,A1,A2,A3
0.0,0.0,0.0,0.0,0.0
1.0,4239.524111781689,2889.675632794594,4269.520744648068,2779.6879789512013
2.0,4242.30263547743,2877.2130925908496,4269.762472694044,2779.8453569296116
3.0,4238.2511535984295,2868.5598784317212,4273.578852739695,2769.2142323545736
4.0,4236.19419931373,2875.4673825175496,4283.816048056195,2766.645893382215
