Number,A0,A1,A2,A3
0.0,0.0,0.0,0.0,0.0
1.0,4544.478791537729,3284.6202111497746,4019.0477514419144,2394.742278218148
2.0,4553.228675263417,3294.9350128317205,4015.154625812116,2389.553521287772
