Number,A0,A1,A2,A3
0.0,0.0,0.0,0.0,0.0
1.0,4834.468418017044,3726.0895072886615,3799.573496408117,1989.7766468031982
2.0,4836.305171942137,3724.174687448647,3789.0984954810115,1984.5127968197007
3.0,4839.948085729462,3722.638807567951,3778.666221100693,1980.8728844084942
4.0,4850.068616215842,3722.8498350671352,3778.617524889812,1983.3509277961073
5.0,4851.006703572327,3727.666675451284,3789.1888381392346,1974.5348197672345
6.0,4849.904296346475,3723.9120552060754,3790.4832271506325,1985.0010675961328
