Number,A0,A1,A2,A3
0.0,0.0,0.0,0.0,0.0
1.0,5279.407384482857,4184.541372578814,3624.5820503020796,1639.8159300287664
2.0,5285.19958044607,4190.829784131948,3629.2875376355923,1650.3494098387903
3.0,5285.584703743296,4201.21864958304,3631.299716925603,1643.3373865433932
4.0,5286.424252723635,4190.904953149276,3632.2888814254225,1645.3904007818937
5.0,5284.608252525081,4201.073182156069,3635.2902410771703,1644.6697664896783
6.0,5284.618869310254,4190.394882361522,3635.519189991765,1650.5580821076635
7.0,5286.531051124173,4200.677765447727,3635.3682076514297,1649.040845071501
