Number,A0,A1,A2,A3
0.0,0.0,0.0,0.0,0.0
1.0,5619.369223635163,4664.487498440892,3519.6049229885716,1464.8466593603719
2.0,5621.524721563524,4675.861364524092,3525.728927880747,1462.9054443804866
3.0,5632.547182943325,4677.885058307493,3520.421801320315,1458.4329344050636
4.0,5637.79739968248,4687.937427127961,3517.81623195783,1461.7473944562842
