Number,A0,A1,A2,A3
0.0,0.0,0.0,0.0,0.0
1.0,5949.332185165341,4549.489318067614,4025.0382078401335,1009.886639834789
2.0,5938.677924931136,4551.057926624212,4023.217080052327,1013.0571440623103
3.0,5938.223959711389,4551.292030229005,4024.8226683112857,1023.1101035843009
4.0,5940.286929268839,4557.551228505064,4020.3345609324833,1012.751240908426
5.0,5943.175375971195,4556.012272804548,4022.6966496151454,1022.9679489464987
6.0,5940.465813416388,4559.4933649382,4019.1367404833113,1012.9518051378369
7.0,5940.984963624464,4560.04985516289,4022.6289280311908,1023.331129096738
