Number,A0,A1,A2,A3
0.0,0.0,0.0,0.0,0.0
1.0,5559.375957902403,4039.546559339156,4109.5387026940425,1324.8401972129564
2.0,5566.442784833635,4049.6866277939885,4109.299925478816,1317.2135577214303
3.0,5568.349744782831,4059.6912657331363,4112.719106990702,1318.3393829406973
4.0,5563.868824514657,4048.4850942226412,4113.978636869568,1320.5811716306018
5.0,5563.137593431897,4037.988162042932,4110.034575864942,1317.7828596001953
