Number,A0,A1,A2,A3
0.0,0.0,0.0,0.0,0.0
1.0,5189.417485883718,3584.608715251216,4239.524111781689,1729.805828627906
2.0,5195.441123581485,3574.4140107739777,4238.589027875066,1729.1505091844558
3.0,5202.130805231944,3578.1399471243917,4235.1167286168375,1718.6261177999759
