Number,A0,A1,A2,A3
0.0,0.0,0.0,0.0,0.0
1.0,4864.465050883424,3120.1708286503736,4414.493382450083,2190.7540870079433
2.0,4859.852025817861,3109.8877412767133,4411.247779102916,2189.22141305144
