Number,A0,A1,A2,A3
0.0,0.0,0.0,0.0,0.0
1.0,4579.485950933994,2594.6976552230376,4679.47472715526,2659.701447485682
2.0,4575.727385854058,2581.7189798197282,4675.722965026276,2661.9351366961705
3.0,4581.095759199046,2575.817132261555,4685.923635265032,2663.239453759227
4.0,4581.279417732751,2578.5783758653006,4675.530719691675,2663.6151854307836
5.0,4591.33689300168,2583.460094413576,4673.830844632102,2657.9537729967533
6.0,4591.870599311866,2581.237572024034,4684.632543979618,2665.1853507075443
