Number,A0,A1,A2,A3
0.0,0.0,0.0,0.0,0.0
1.0,2124.750406983086,4499.494929956981,3249.635227191153,4924.458316616184
2.0,2121.714295182555,4488.850903471007,3248.8724998362054,4923.962657478503
3.0,2130.2701908413783,4496.303250241153,3238.7100046331243,4924.044102077165
4.0,2120.133020927725,4496.058997985736,3243.16558184887,4923.103962091211
5.0,2130.5498543755207,4492.127504574067,3243.9583639246134,4923.8427932032055
6.0,2139.9504337173184,4502.229991818327,3236.4865038215403,4927.249193548164
