Number,A0,A1,A2,A3
0.0,0.0,0.0,0.0,0.0
1.0,4329.5361858184715,2164.7459174715927,4979.441055819058,3184.6314349285085
2.0,4339.661966277768,2162.3691206353637,4978.049723495041,3183.042057725253
