Number,A0,A1,A2,A3
0.0,0.0,0.0,0.0,0.0
1.0,4119.537580316169,1749.8035838721592,5289.406262104984,3629.5925768319644
2.0,4117.265485020339,1759.9903041385385,5289.705733150232,3627.2595800031622
3.0,4113.6301929587,1763.036633070814,5287.637392576422,3617.026961316823
4.0,4123.934191585374,1763.91063765799,5285.687957588285,3619.824461778251
