Number,A0,A1,A2,A3
0.0,0.0,0.0,0.0,0.0
1.0,4014.560453002661,1340.8494891271803,5709.359122234302,4114.549229223927
2.0,4014.6533859085894,1333.6793829081457,5710.343925197895,4104.050815937194
3.0,4016.213919302402,1343.8107647981847,5709.527665341606,4106.799166670969
4.0,4017.0645801050396,1333.1678842174506,5703.9183620555605,4102.576914043953
5.0,4013.613133790734,1343.1740825233176,5703.216130381274,4107.981940576217
