Number,A0,A1,A2,A3
0.0,0.0,0.0,0.0,0.0
1.0,3899.562272629383,1114.88594258594,6039.322083764481,4579.485950933994
2.0,3909.6406056298906,1118.873302190811,6042.153527150279,4582.129022056369
3.0,3910.0609001419575,1120.2291933381682,6043.91910505975,4592.641079829816
4.0,3909.0087892663933,1130.2437267558037,6040.330148614978,4596.077398688928
5.0,3905.171586430067,1120.050254855225,6038.806616873067,4598.030818048253
