Number,A0,A1,A2,A3
0.0,0.0,0.0,0.0,0.0
1.0,4429.502786602095,724.9297153230016,6389.282800538913,4529.49156282336
2.0,4425.955491735445,736.4653950141311,6392.480026951683,4524.7058841862
3.0,4423.008326707756,726.2876267318231,6393.385727891637,4525.100759876878
4.0,4418.637478922279,729.0133132640086,6392.075639468896,4514.441350702932
5.0,4417.15508940509,723.1155616762888,6394.838803681537,4524.785678895396
6.0,4422.939916794885,733.4808952995712,6398.052524328067,4525.438597963007
