Number,A0,A1,A2,A3
0.0,0.0,0.0,0.0,0.0
1.0,4644.489743196638,1600.8203073024724,5689.36136699005,3469.610534877939
2.0,4634.462593922604,1598.181248712287,5683.848758832356,3471.8747551488523
