Number,A0,A1,A2,A3
0.0,0.0,0.0,0.0,0.0
1.0,5079.429832040325,2589.7314795684383,5122.425005815469,2419.728384554643
2.0,5075.705281715148,2591.9469657484847,5122.773520992726,2407.7706263285145
3.0,5072.560848375043,2589.5696049563794,5124.400209540908,2418.334932019706
4.0,5076.546734586247,2588.504551833987,5125.661043291329,2408.011101979207
5.0,5072.620464792908,2598.731366082435,5127.1764353132385,2411.5516099727615
6.0,5068.996088390569,2588.637556226127,5123.117823759651,2417.263156557106
7.0,5079.594644011613,2591.440998429995,5123.158849653806,2415.5834085324464
