Number,A0,A1,A2,A3
0.0,0.0,0.0,0.0,0.0
1.0,5319.402894971364,3079.654307615,4849.455646731412,1904.7972747339434
2.0,5329.7917157351985,3079.8286688284907,4849.730209031877,1902.3776129758216
3.0,5330.91555606003,3082.6847902975155,4848.074187428089,1912.7111856661902
4.0,5341.215168110557,3079.3040827155364,4846.434845828547,1919.567303435668
5.0,5338.726840195503,3081.215089929441,4849.539912362818,1909.5590342255996
6.0,5339.239809702709,3086.5591482798686,4849.635237431283,1919.790252715436
