Number,A0,A1,A2,A3
0.0,0.0,0.0,0.0,0.0
1.0,1769.8013391164125,4309.516255136575,3761.577761444036,5239.411873994351
2.0,1771.7199078376061,4309.84249407412,3760.6014379876992,5226.203528605363
3.0,1761.6990949860806,4306.331448260434,3763.2627620238454,5220.0537643879
4.0,1752.3443930344392,4316.331978490116,3761.289514640127,5226.999328658872
5.0,1754.1168751930231,4310.773369226925,3764.407906101061,5216.838826639059
6.0,1764.3800510806354,4315.216244223267,3765.371238587955,5211.714148679783
7.0,1766.759021286269,4312.343910497561,3765.337059659989,5222.028140512686
8.0,1756.683307725841,4311.446906657993,3764.6863267969725,5217.442653687471
