Number,A0,A1,A2,A3
0.0,0.0,0.0,0.0,0.0
1.0,5629.36810125729,3574.5876621914467,4689.473604777387,1369.8462342313476
2.0,5626.3191472680965,3577.686286790085,4688.708465921185,1359.6775559918492
3.0,5630.05193594174,3583.3948806638105,4688.945967831585,1369.9925115532692
4.0,5631.050221508433,3579.921607447564,4688.467583897792,1359.9670883905198
5.0,5641.593781296408,3583.418107316973,4693.748106683661,1368.391414878798
6.0,5640.893976085044,3583.129646035807,4687.532061930814,1378.6727806591791
