Number,A0,A1,A2,A3
0.0,0.0,0.0,0.0,0.0
1.0,5919.357727736604,4064.532665675651,4549.489318067614,909.8978636135228
2.0,5921.122208934134,4074.679056371309,4551.875513343793,904.5621753875278
