Number,A0,A1,A2,A3
0.0,0.0,0.0,0.0,0.0
1.0,6269.296269073393,4559.488195689741,4479.497174712727,579.9349020833441
2.0,6268.427279600083,4556.876986801617,4476.935452290085,568.465803481344
3.0,6270.154927234381,4567.152852282028,4479.173589479285,573.1384448703183
