Number,A0,A1,A2,A3
0.0,0.0,0.0,0.0,0.0
1.0,629.9071147563345,4519.514860638877,4454.511068376232,6389.304975976555
2.0,640.1662371124312,4525.33030961795,4452.584723439533,6391.7023565829
3.0,641.2456704974363,4535.517672135078,4452.433483532884,6390.536011181427
4.0,630.9885238558553,4534.437521036115,4455.271072491008,6393.354459628873
5.0,641.9235895279268,4535.403089000162,4452.561641266524,6393.4764977360865
6.0,631.4027958619092,4542.575079834596,4454.4199081276065,6388.890228279313
