Number,A0,A1,A2,A3
0.0,0.0,0.0,0.0,0.0
1.0,1039.8832727011688,4564.4765467819825,4009.549926472776,6042.807276897757
2.0,1050.231086825424,4562.416108541278,4009.8923149723464,6037.982582108219
3.0,1053.2687566502018,4556.676589937028,3999.6616804495134,6037.91359359676
4.0,1042.893500609594,4557.059017391336,4005.2307960550347,6036.3852829124435
5.0,1053.2034433366325,4558.977088552699,4001.6291778551335,6032.756349442646
6.0,1043.090926140742,4557.662142570608,3999.6783621260934,6037.1160123738955
