Number,A0,A1,A2,A3
0.0,0.0,0.0,0.0,0.0
1.0,1454.8256063006024,4719.470237643766,3539.602678232825,5739.3557551006825
2.0,1446.557232769422,4716.36927830618,3539.916533936193,5750.29268962824
3.0,1446.8476603166534,4716.312115443691,3529.4318865765163,5751.2096501668875
4.0,1456.9779734482072,4720.363958054683,3531.4858210011166,5749.562781870457
5.0,1446.7015460838647,4719.228697359865,3532.4387310387287,5748.229512636388
