Number,A0,A1,A2,A3
0.0,0.0,0.0,0.0,0.0
1.0,1944.770609784807,4884.440630690035,3009.6621642601135,5412.900162141423
2.0,1946.7814596758603,4894.81433672343,2999.9985861474856,5419.052118334414
3.0,1943.498053909342,4905.105256447854,3002.1801600472436,5415.395251372282
4.0,1946.9654662949265,4894.81308721255,3000.341996313655,5416.734883837075
