Number,A0,A1,A2,A3
0.0,0.0,0.0,0.0,0.0
1.0,2439.7261397988964,5099.427587284578,2509.7182831537825,5120.4252302910445
2.0,2443.6516315992994,5089.132094524404,2513.5093509291396,5120.704404785249
3.0,2433.251182777563,5083.160315855226,2521.696385805651,5122.370486179403
4.0,2427.519670904651,5073.076010148204,2517.102241121345,5123.576057958428
5.0,2438.022902347061,5077.427564976207,2519.4720205994963,5121.257270656259
6.0,2439.2848378321373,5072.049614252492,2509.072915908275,5120.459688185199
7.0,2431.1836649395327,5073.811856189454,2519.456095343102,5123.151193348245
