Number,A0,A1,A2,A3
0.0,0.0,0.0,0.0,0.0
1.0,2984.653882485976,5374.385634174239,1944.7927852224498,4924.436141178541
2.0,2974.1425039437627,5377.4335142780565,1947.623053917541,4929.103341561999
