Number,A0,A1,A2,A3
0.0,0.0,0.0,0.0,0.0
1.0,3419.6161467673055,5687.864861662377,1449.8372552083606,4729.469115265893
2.0,3423.9189479233787,5677.01026603403,1448.0884403535051,4731.781949431966
3.0,3430.6389359276304,5687.815702448524,1441.8472683410196,4732.370526011523
4.0,3431.6974479457253,5677.553043484846,1440.0234782996158,4737.745359570677
5.0,3429.5146177394945,5687.724503714154,1441.5669423402019,4739.269225953914
