Number,A0,A1,A2,A3
0.0,0.0,0.0,0.0,0.0
1.0,1339.8496013649676,4144.523686652664,4208.527591153096,5587.372815244357
2.0,1345.4204166148004,4156.562276684619,4205.786627998745,5595.527458859868
3.0,1346.9093355781567,4149.650094094541,4215.990799186728,5589.7781998347355
4.0,1344.7380628229616,4159.855025347002,4209.453444415014,5585.059146951657
