Number,A0,A1,A2,A3
0.0,0.0,0.0,0.0,0.0
1.0,4404.494504827956,6324.279008276268,589.4349445962466,4539.490440445487
2.0,4414.5590095541365,6320.802923363168,589.9841589322073,4543.309274092614
3.0,4406.004850728803,6325.623835325347,589.9790937382496,4533.1167559219275
