Number,A0,A1,A2,A3
0.0,0.0,0.0,0.0,0.0
1.0,4529.49156282336,6009.325450898101,1019.8855174569156,3993.0595397994425
2.0,4538.370148595944,6011.073582438372,1030.633647244172,3997.80420136707
