Number,A0,A1,A2,A3
0.0,0.0,0.0,0.0,0.0
1.0,4094.529298542031,5619.369223635163,1323.8380919069793,4099.539825071915
2.0,4094.7832932774922,5629.775027634077,1324.407556972251,4094.72810358714
3.0,4089.484867178124,5628.320199156187,1314.2732642395144,4089.695609322861
4.0,4086.569026067521,5620.173281103773,1318.622008889448,4100.144918855278
