Number,A0,A1,A2,A3
0.0,0.0,0.0,0.0,0.0
1.0,3604.5842950578267,5249.410751616478,1714.7964244758946,4219.526356537435
2.0,3603.7484676604645,5260.1776879988065,1705.8323923054459,4219.886675606808
3.0,3613.9211608214805,5263.301387328762,1707.1165646897898,4226.427512325963
4.0,3603.339660052517,5261.43942652824,1708.5444572669146,4223.172605325075
5.0,3613.5052614902615,5260.380162158843,1708.315481809165,4224.107653293627
