Number,A0,A1,A2,A3
0.0,0.0,0.0,0.0,0.0
1.0,3109.65094048138,4939.445545330553,2159.757566379351,4439.501664224221
2.0,3098.3850137677946,4934.080754390798,2160.6485618901847,4433.3524820508665
3.0,3087.928037693194,4934.351824632217,2159.043223157244,4439.185731455867
4.0,3098.081486225629,4934.598498223375,2159.6286516571163,4431.553559488547
