Number,A0,A1,A2,A3
0.0,0.0,0.0,0.0,0.0
1.0,2604.7076205639855,4644.489743196638,2649.7025698635553,4644.489743196638
2.0,2603.152673040255,4634.015419710012,2640.6468338569343,4652.131718713794
3.0,2604.5090904345698,4629.562281611249,2636.407443996353,4641.784645552812
