Number,A0,A1,A2,A3
0.0,0.0,0.0,0.0,0.0
1.0,2134.771460042856,4419.5039089799675,3099.6520628592534,4969.442178196932
2.0,2124.5925588200107,4427.360788872076,3094.2038434989004,4969.098118782873
3.0,2134.6429882981633,4426.265378590468,3096.7630727919095,4974.911429831031
4.0,2123.7187343336823,4424.539682718796,3093.8227361247878,4972.752400004234
