Number,A0,A1,A2,A3
0.0,0.0,0.0,0.0,0.0
1.0,1359.847356609221,4084.5304209199044,4159.533090804675,5659.364734123669
2.0,1366.6943287292354,4084.9423065957358,4169.993281953781,5659.793159271349
3.0,1377.1554272370906,4089.0707355930963,4168.990932419654,5660.850275706311
4.0,1366.7081583270303,4088.976663591404,4170.853305461659,5659.885148119323
5.0,1377.5506943889998,4087.799733408904,4171.869429045666,5659.3855535402945
6.0,1367.52915733824,4089.3686834481323,4165.562206190798,5654.377609341926
