Number,A0,A1,A2,A3
0.0,0.0,0.0,0.0,0.0
1.0,1139.8720489224352,4049.5454369612826,4664.465323003249,5964.341589317352
2.0,1129.751099993152,4049.0924835970955,4658.748054160596,5965.909487077087
3.0,1139.9261999935352,4047.2925589688057,4658.762881161711,5973.279979315737
4.0,1129.804640824056,4047.1884381893574,4657.248987191853,5973.001242176678
5.0,1139.8151634888188,4047.8937074098935,4658.398388369097,5972.705642286894
