Number,A0,A1,A2,A3
0.0,0.0,0.0,0.0,0.0
1.0,1084.8671342819173,3994.540522320765,4544.500966975372,6009.325450898101
2.0,1079.4421919777321,4004.8493518304135,4540.427312972267,6006.202007158869
