Number,A0,A1,A2,A3
0.0,0.0,0.0,0.0,0.0
1.0,1509.8305209411203,3534.59215170294,4759.465748132273,5729.356877478555
2.0,1514.91045970293,3523.885922275936,4762.075793311114,5726.882046878548
3.0,1525.2035893459938,3530.324005130332,4756.626105346333,5722.824667990975
4.0,1514.9508923606002,3527.4952552711666,4755.134157823494,5719.695291848044
5.0,1515.6051032010434,3538.165153368138,4760.025318484917,5721.822859132958
6.0,1514.1829287188446,3527.2638850811927,4762.352054283002,5718.336131896646
7.0,1524.557853666351,3525.4527062911375,4757.694255865375,5720.040863892518
8.0,1534.3115866693156,3535.6883634868304,4758.5406903441135,5717.590873383429
