Number,A0,A1,A2,A3
0.0,0.0,0.0,0.0,0.0
1.0,1729.805828627906,3579.5981887213316,4184.5191971411705,5369.397283081998
2.0,1723.7446818639355,3588.2182513161893,4184.577783492234,5380.374111782807
3.0,1726.5458892530542,3578.1694277324195,4184.945524812195,5373.690483918226
4.0,1736.3126780723417,3588.738614847165,4186.599751536819,5380.977088674358
5.0,1732.2165871754255,3599.852022837364,4182.985820623505,5383.501255484028
