Number,A0,A1,A2,A3
0.0,0.0,0.0,0.0,0.0
1.0,2069.767667780211,3809.5723740302437,3759.5779859196105,4939.445545330553
2.0,2069.074134211912,3799.1185076612783,3755.6975555927384,4947.420783053372
3.0,2068.715417460553,3794.0350699215833,3759.120076062349,4957.455787793296
