Number,A0,A1,A2,A3
0.0,0.0,0.0,0.0,0.0
1.0,2494.7088790017715,4029.5476817170297,3289.630737679659,4689.473604777387
2.0,2483.6280557373357,4039.4925412494845,3287.1502971954665,4692.99642228518
3.0,2485.275547651373,4038.4633194987955,3277.104042461959,4694.442710791816
