Number,A0,A1,A2,A3
0.0,0.0,0.0,0.0,0.0
1.0,2884.6651062647097,4309.516255136575,2845.6805712572373,4309.516255136575
2.0,2893.2727270310606,4310.73184613472,2845.4231308149865,4299.3127280661365
