Number,A0,A1,A2,A3
0.0,0.0,0.0,0.0,0.0
1.0,3299.629615301786,4649.47809428888,2384.7434005960213,4069.543192205536
2.0,3310.222404530265,4648.591313707223,2386.5997989900166,4069.904037604607
3.0,3318.413591032482,4640.059257142316,2375.7254794832984,4068.014648912519
4.0,3310.67158022308,4641.752420068376,2365.59452429868,4065.6229191625293
5.0,3314.551436017511,4637.570078756204,2365.6546560109186,4075.6527739004373
6.0,3312.000625788053,4640.265860554603,2375.8588352575584,4071.468085759105
7.0,3309.1574657095757,4634.9161556584295,2365.6788661345918,4072.2777274454816
