Number,A0,A1,A2,A3
0.0,0.0,0.0,0.0,0.0
1.0,3814.5829005601286,4944.456071860437,1984.7882957109564,3789.5746187859904
2.0,3814.87167038145,4951.559450798251,1995.0471131593838,3789.86149710926
