Number,A0,A1,A2,A3
0.0,0.0,0.0,0.0,0.0
1.0,4289.518499892321,5361.892581005991,1664.8020363652615,3639.591454454091
2.0,4287.525645157872,5363.011642735438,1658.0040697123636,3628.6885810116773
3.0,4277.239072272275,5365.976837843668,1658.6540168482738,3623.366615659318
4.0,4283.450075670892,5368.354831234766,1660.397031127304,3633.640951162531
