Number,A0,A1,A2,A3
0.0,0.0,0.0,0.0,0.0
1.0,4719.470237643766,5769.352387967062,1439.8383775862337,3529.6038006106983
2.0,4719.49145038109,5779.564036902383,1440.7215892722036,3520.826282319073
3.0,4726.959939089189,5776.62720234795,1451.1315839244692,3520.855367999475
4.0,4724.374340868808,5780.385314189434,1449.4101114536447,3510.70916768094
