Number,A0,A1,A2,A3
0.0,0.0,0.0,0.0,0.0
1.0,1549.8260314296267,3559.6004334770782,4804.471785150664,5619.369223635163
2.0,1552.2958063344174,3570.2162742543915,4813.275125920694,5620.818279247231
3.0,1541.5251534205781,3571.631829210941,4812.945820121914,5622.0559024167815
4.0,1539.734758245436,3571.594455099622,4823.379301721056,5620.5834439211685
