Number,A0,A1,A2,A3
0.0,0.0,0.0,0.0,0.0
1.0,4929.446667708426,5519.380447413896,1939.782258692565,3029.6599195043673
2.0,4927.381194913164,5512.903349484974,1937.8686265476783,3040.790162334068
3.0,4925.443125762019,5507.844321187394,1940.359902400553,3050.8954871262554
4.0,4923.426057612792,5505.928457833283,1940.6717765545357,3040.287251620908
