Number,A0,A1,A2,A3
0.0,0.0,0.0,0.0,0.0
1.0,4439.501664224221,4974.430529289174,2129.760933512971,3194.6524879882777
2.0,4450.266742801968,4977.768105347185,2120.6926352619676,3189.9866668837153
