Number,A0,A1,A2,A3
0.0,0.0,0.0,0.0,0.0
1.0,3949.5566607400165,4559.488195689741,2419.728384554643,3369.6217586566722
2.0,3950.6567996047897,4569.943504565468,2425.5821063321628,3371.9836527274488
3.0,3951.5981666481616,4559.90803367875,2423.305600000701,3367.9739988953415
