Number,A0,A1,A2,A3
0.0,0.0,0.0,0.0,0.0
1.0,3519.6049229885716,4224.514707629677,2774.6996278589595,3619.5936992098377
2.0,3505.2570156868615,4219.807360254502,2775.678127721502,3616.906152610266
3.0,3503.50493895065,4221.110930440824,2775.403959514608,3606.85995091392
4.0,3492.83131649384,4224.345146788096,2773.995977699402,3608.4908366956674
5.0,3502.999063046694,4220.167986671187,2773.190562814679,3603.8988735350895
