Number,A0,A1,A2,A3
0.0,0.0,0.0,0.0,0.0
1.0,3059.656552370747,3884.552868477372,3139.64757334776,3881.564292909555
2.0,3070.150402003278,3883.15007070867,3145.0493333868903,3880.9044434304915
3.0,3080.3596933119184,3884.7961527425246,3152.3019190706345,3885.6873736914404
4.0,3069.7838191166593,3880.556322129162,3149.6608069650133,3882.0607732788394
