Number,A0,A1,A2,A3
0.0,0.0,0.0,0.0,0.0
1.0,2750.1901811940456,3559.6004334770782,3569.599311099205,4254.5335159337
2.0,2744.656727703067,3551.603302995675,3569.2202269243317,4264.8471343645315
3.0,2748.2303108460233,3551.4680243148932,3570.50756358109,4254.614937752915
4.0,2751.199845667081,3551.8044850735596,3570.7694593616707,4244.362323442103
5.0,2748.2647345800115,3556.1844809960016,3579.346756944133,4254.402033149336
6.0,2753.2936614319324,3553.679763213078,3575.44881319075,4264.562794478448
