Number,A0,A1,A2,A3
0.0,0.0,0.0,0.0,0.0
1.0,2399.7306293103898,3301.1261206294585,4024.537155187145,4599.483706178247
2.0,2409.9541465861093,3300.558125012519,4022.2486931944804,4600.505663974794
3.0,2420.8188674915073,3302.7243307921326,4017.5407716818568,4601.593703989174
