Number,A0,A1,A2,A3
0.0,0.0,0.0,0.0,0.0
1.0,2149.7586887572243,3122.132905930806,4479.497174712727,5029.435443929692
2.0,2160.0959338816915,3119.922864506812,4481.482165445868,5026.436690941287
3.0,2167.172139766853,3109.314876483056,4484.90387559778,5025.451869403742
4.0,2156.7322884185987,3109.560783393095,4483.08873959386,5031.7909434828525
