Number,A0,A1,A2,A3
0.0,0.0,0.0,0.0,0.0
1.0,2039.7710349138313,3009.6621642601135,4955.935932003886,5399.393915948377
2.0,2028.0465360609076,3008.156394326419,4954.623656221759,5404.900805861439
3.0,2038.654675484444,3010.3868392644085,4952.322993889248,5397.77154691802
4.0,2028.2974084521904,3005.7724637448428,4954.100868731108,5396.356063633224
