Number,A0,A1,A2,A3
0.0,0.0,0.0,0.0,0.0
1.0,2549.713793642289,2509.7182831537825,5184.406959353833,5104.438113814463
2.0,2553.2564451179865,2511.3877500168924,5188.393946551356,5114.616448321105
