Number,A0,A1,A2,A3
0.0,0.0,0.0,0.0,0.0
1.0,1089.8776608118021,4684.463078247502,4119.537580316169,5934.32278101333
2.0,1099.1398094896997,4674.100190013037,4113.122080436264,5936.479243870997
3.0,1093.364174645165,4676.01538868261,4108.4401390544135,5947.258836350044
4.0,1103.4404837201362,4667.336804137073,4105.993959874213,5941.886617476609
5.0,1102.9170319421833,4677.445680680781,4111.53479535774,5944.4115057522795
