Number,A0,A1,A2,A3
0.0,0.0,0.0,0.0,0.0
1.0,1779.8002167385391,3634.580927924206,4354.522292154966,5244.400225086593
2.0,1784.0267706958252,3646.0147798150538,4355.789706881143,5241.733162936608
3.0,1794.5385688063259,3645.7226097934586,4353.759673569871,5240.820603997212
4.0,1797.8049028214448,3655.9205777815428,4352.406593306125,5239.609665821938
5.0,1797.3251139981317,3645.6005845090117,4347.199463337374,5240.222178772055
