Number,A0,A1,A2,A3
0.0,0.0,0.0,0.0,0.0
1.0,2654.71309639344,2654.6909209557975,4679.47472715526,4742.467656174658
