Number,A0,A1,A2,A3
0.0,0.0,0.0,0.0,0.0
1.0,2879.6767551724674,2839.6812446839613,4259.521867025942,4339.512888002954
2.0,2881.5965352461985,2836.0643457386145,4252.809074128021,4329.485584222794
3.0,2881.5805064159135,2833.869086892357,4242.477964906753,4325.653299242682
