Number,A0,A1,A2,A3
0.0,0.0,0.0,0.0,0.0
1.0,3159.645328592013,3129.6486957256334,3876.072671620561,3859.566762140877
2.0,3156.3431059437185,3139.7787402414165,3872.0608678761364,3859.054564972266
