Number,A0,A1,A2,A3
0.0,0.0,0.0,0.0,0.0
1.0,3554.5899069471934,3434.603375481674,3509.606045366445,3449.612779633685
2.0,3543.569775377643,3438.681064182428,3507.675204226692,3452.637762818284
