Number,A0,A1,A2,A3
0.0,0.0,0.0,0.0,0.0
1.0,3949.5566607400165,3819.5712516523704,3169.6442062141396,3079.654307615
2.0,3939.4788397055772,3819.9099321006374,3175.582560316015,3082.242156143452
3.0,3940.9921935171765,3809.5998798864584,3173.3032885952784,3088.6777445939942
4.0,3951.0354283588376,3819.5415994430646,3174.4154501733806,3083.325672354284
5.0,3952.1272269347633,3811.6360044738776,3172.819475006275,3093.376740155778
