Number,A0,A1,A2,A3
0.0,0.0,0.0,0.0,0.0
1.0,4299.5173775144485,4259.521867025942,2844.669595776203,2859.6789999282146
2.0,4310.143542388978,4258.579022279501,2843.7894559417996,2862.44403906634
3.0,4305.167315635429,4248.030028154016,2848.5405717062667,2861.794022172095
4.0,4315.19793329754,4246.287550928276,2850.090928782571,2863.7541970106586
