Number,A0,A1,A2,A3
0.0,0.0,0.0,0.0,0.0
1.0,4723.469788692617,4754.477397040031,2609.7070593750486,2674.6886762000504
