Number,A0,A1,A2,A3
0.0,0.0,0.0,0.0,0.0
1.0,5201.411703942741,5159.420853017338,2499.719405531656,2509.7182831537825
