Number,A0,A1,A2,A3
0.0,0.0,0.0,0.0,0.0
1.0,5484.373288017632,4989.4399334411855,2979.665531393734,2004.7638755175667
2.0,5483.775283665104,4989.7794006936765,2989.9995943851995,2005.946537990271
3.0,5494.076637692833,4989.8610735203465,2985.715805177296,2003.6657905204875
4.0,5490.128078138563,4992.84275553781,2986.9687522546556,2013.8082134410254
5.0,5485.647970230872,4993.048736459717,2982.332219532233,2003.6075055799877
6.0,5495.748648182989,4988.461289634279,2983.0612167975937,2010.1421353195951
7.0,5497.7356400248655,4989.990295668598,2980.9323640274665,1999.967384530887
