Number,A0,A1,A2,A3
0.0,0.0,0.0,0.0,0.0
1.0,5039.434321551818,4429.502786602095,3134.6592222555178,2184.7658481534886
2.0,5033.466722150904,4435.016037994042,3136.4664728868397,2174.693895081085
3.0,5032.57388113518,4434.114498322134,3146.684833683015,2170.925278979355
4.0,5029.670281222919,4429.373473495205,3140.8327417133623,2181.134935608768
5.0,5031.149409220524,4429.04677708015,3132.838633690021,2171.0641178197707
6.0,5033.837298334534,4432.6976718667875,3139.5865143509964,2181.1305411972876
7.0,5032.306397269432,4430.608881049891,3150.1118634010877,2175.27344073743
8.0,5033.6598869675845,4431.1275858045,3138.8238760534464,2173.080385483529
