Number,A0,A1,A2,A3
0.0,0.0,0.0,0.0,0.0
1.0,2079.7665454023377,3799.573496408117,3919.5600278736365,4866.460391320321
2.0,2079.8842958322275,3809.8762687808785,3919.781942145352,4868.245708242101
3.0,2075.8230060276815,3819.995492776352,3921.5237238383233,4864.531720735352
4.0,2078.8223177606133,3821.375261491793,3910.2033479187708,4866.9151904409255
5.0,2083.297809692912,3811.2102862475595,3902.9272437400555,4863.685128766365
6.0,2073.2410310898026,3818.977648307646,3896.1552239768525,4865.581997430431
