Number,A0,A1,A2,A3
0.0,0.0,0.0,0.0,0.0
1.0,4624.491987952385,3969.532240546627,3320.627258308252,2459.7460704807922
2.0,4635.239580764555,3972.7371800956944,3324.1832576889788,2469.1429108779334
3.0,4635.575154778737,3962.034967633506,3319.7236243516927,2462.868621966438
4.0,4636.053807144914,3972.179889066889,3321.460516547219,2464.0743901040855
