Number,A0,A1,A2,A3
0.0,0.0,0.0,0.0,0.0
1.0,4249.522989403816,3559.6004334770782,3549.6015558549516,2729.6714154029255
2.0,4241.455603324412,3559.9461613811295,3549.950420744036,2719.6492814474464
3.0,4238.951686592849,3564.0991934673225,3551.4797177164305,2729.662245877698
4.0,4242.642608839716,3564.759287195984,3550.3601719890567,2719.1074037400135
5.0,4237.700513930652,3562.994969278098,3550.1238856689984,2729.3041170615747
6.0,4239.114412893766,3560.2317803563537,3553.20726241506,2719.0799937571123
7.0,4240.048123130674,3557.867226952914,3553.5532021590884,2730.1194143389685
