Number,A0,A1,A2,A3
0.0,0.0,0.0,0.0,0.0
1.0,3899.562272629383,3174.632557306382,3834.558480366739,3109.65094048138
2.0,3888.9567215262136,3182.246673330397,3830.7824085637476,3109.1637320162818
3.0,3878.613902427617,3176.453473557491,3832.6891137082985,3109.30270044155
4.0,3887.0519143029082,3181.251082489182,3843.0230001844775,3112.840725853951
5.0,3887.8518254287587,3176.624031456831,3832.509416982541,3113.279954778794
6.0,3877.7030013524304,3185.4084430229273,3829.9994422551786,3113.6005193932133
