Number,A0,A1,A2,A3
0.0,0.0,0.0,0.0,0.0
1.0,3574.5876621914467,2819.683489439708,4129.536457938296,3579.5981887213316
2.0,3578.422988104807,2819.6362220166675,4139.556792648136,3574.7368190113443
3.0,3581.402952734755,2824.4074401373273,4129.12466926829,3571.1299042461233
4.0,3585.5728163193353,2825.11175008484,4139.369289415056,3570.4066545118876
5.0,3575.5644979606927,2824.7281523216443,4138.2035362552015,3575.3250242536365
