Number,A0,A1,A2,A3
0.0,0.0,0.0,0.0,0.0
1.0,3063.6561034195975,2229.749709734237,4993.951624861846,4479.497174712727
2.0,3070.6036890518208,2232.5583822312833,4993.606303121156,4490.436788863249
3.0,3063.0755358241545,2242.741209870723,4992.837487719286,4493.6089532036585
4.0,3061.634736253666,2244.3555423917633,4991.480200163161,4483.552324006863
