Number,A0,A1,A2,A3
0.0,0.0,0.0,0.0,0.0
1.0,2949.668898527354,2069.767667780211,5419.39167119263,4944.433896422794
2.0,2960.3044201760945,2072.355732174024,5419.0581242892,4935.723118080636
3.0,2962.2460077129167,2074.631192032292,5423.055184798445,4925.535120044535
