Number,A0,A1,A2,A3
0.0,0.0,0.0,0.0,0.0
1.0,3549.6015558549516,1469.8350104526137,5694.349718082291,4699.494657837156
2.0,3552.3410181100076,1480.005879699585,5692.15579609824,4707.298701037661
3.0,3556.974643783081,1469.7657785079125,5692.442787904418,4707.166083413788
4.0,3554.4387284237246,1480.399562165087,5695.428275867719,4703.135296192871
5.0,3561.3978950411793,1470.2534827998056,5694.438564410391,4700.32738605018
6.0,3564.6162868474476,1481.2597781411737,5692.706106979463,4702.767569386576
7.0,3562.751402687181,1470.816183039148,5690.931499521577,4706.061172442302
