Number,A0,A1,A2,A3
0.0,0.0,0.0,0.0,0.0
1.0,3694.5963690946087,1749.8035838721592,5229.412996372224,4239.524111781689
2.0,3691.6762766322436,1750.9214092856373,5218.535311357738,4244.283294975536
3.0,3692.1269954184518,1759.0447254812682,5228.68232119875,4245.885158764652
4.0,3693.629595187626,1758.1687838473124,5218.410203956467,4246.710517969921
