Number,A0,A1,A2,A3
0.0,0.0,0.0,0.0,0.0
1.0,3849.5678845187504,2064.779316687969,4859.4545243535395,3824.559602744612
2.0,3844.7420103380746,2063.0970985981976,4859.729652761839,3834.8859639635793
3.0,3855.0868668170915,2056.7267486651904,4860.210667719767,3835.335837950103
4.0,3852.7477486921434,2052.993518805651,4861.377134177375,3824.572338947276
5.0,3856.447172637367,2063.3225158779182,4860.227891123178,3832.3939352467605
6.0,3861.0239875231055,2052.8619076596297,4860.089631552353,3833.206485333227
