Number,A0,A1,A2,A3
0.0,0.0,0.0,0.0,0.0
1.0,2434.7156132690116,4059.5443145834092,3461.1081625834845,4538.48833513951
