Number,A0,A1,A2,A3
0.0,0.0,0.0,0.0,0.0
1.0,4079.5420698276625,2484.710001379645,4499.494929956981,3299.629615301786
2.0,4082.5792867320756,2489.2757802181895,4509.900976941227,3299.9494155792777
