Number,A0,A1,A2,A3
0.0,0.0,0.0,0.0,0.0
1.0,4369.509520869335,2921.6720411853994,4159.533090804675,2844.691771213846
2.0,4379.844561388748,2921.837457895081,4164.8124173619935,2847.369149289848
3.0,4377.7652604939185,2932.3644475079536,4166.6197197766405,2857.278141919445
4.0,4376.967086758285,2922.32693925095,4163.72492621362,2859.514758450191
