Number,A0,A1,A2,A3
0.0,0.0,0.0,0.0,0.0
1.0,4659.476971911006,3329.6262481681656,3909.56115025151,2449.7250174210226
2.0,4658.5874641554565,3331.6933730155756,3899.0763299708556,2445.178491106966
3.0,4668.983869464248,3331.239194615369,3896.9480893568784,2444.9596126540473
4.0,4658.530595234448,3330.5427846187226,3898.399116384156,2439.5239040967053
