Number,A0,A1,A2,A3
0.0,0.0,0.0,0.0,0.0
1.0,5018.434461001588,3794.5851453158753,3744.590757205242,2049.7699125359577
2.0,5021.466654221877,3783.7078875674233,3740.9326962308046,2053.451287485163
