Number,A0,A1,A2,A3
0.0,0.0,0.0,0.0,0.0
1.0,5399.393915948377,4234.513585251804,3514.61657189633,1709.8080733836528
2.0,5406.359486714924,4245.455447260035,3516.0054088011784,1706.1954725199485
3.0,5409.654772564776,4242.530245153295,3526.243219220916,1705.1642533550719
