Number,A0,A1,A2,A3
0.0,0.0,0.0,0.0,0.0
1.0,5822.346439364333,4789.462380998652,3419.6161467673055,1534.8388027152582
2.0,5822.475085015829,4783.489444867634,3430.1671740159936,1532.4691212272942
3.0,5826.124547913063,4779.910077990491,3432.6485475155896,1522.2601442084292
4.0,5826.950900225881,4779.957399173139,3428.7906470558987,1511.9818762550985
