Number,A0,A1,A2,A3
0.0,0.0,0.0,0.0,0.0
1.0,6124.301455833736,4564.4765467819825,3999.5510488506493,1049.8821503232955
2.0,6134.262816531367,4555.399369698565,3998.435186870954,1060.1285264905573
3.0,6131.495188233044,4560.320804516381,4005.681554871117,1070.1765470297864
4.0,6128.32167786637,4560.5785904821005,3995.3380093676133,1071.9778408855852
5.0,6124.960426435823,4570.8161658911395,3996.0723941654633,1064.9779120669239
6.0,6124.553193188973,4560.2985549592595,3999.727200540937,1070.0743357426668
7.0,6134.6472781682805,4556.425989616097,3998.094191322972,1070.9609807899926
8.0,6130.265011150809,4562.167227147764,4008.2486815024436,1074.113078485491
