Number,A0,A1,A2,A3
0.0,0.0,0.0,0.0,0.0
1.0,5769.352387967062,4054.533788053525,4058.0455917119725,1354.8590055169789
2.0,5763.045110423541,4063.318362301091,4058.6892474268147,1365.070136067343
3.0,5764.010120969538,4059.4258650391566,4061.7408821350396,1354.7486288824607
