Number,A0,A1,A2,A3
0.0,0.0,0.0,0.0,0.0
1.0,5389.39503832625,3574.6098376290893,4194.518074763298,1774.811865646297
2.0,5397.600493727261,3567.930409805034,4204.7958108790435,1778.553631661709
3.0,5388.950008368646,3575.290967530701,4205.712051954112,1788.6513451780556
