Number,A0,A1,A2,A3
0.0,0.0,0.0,0.0,0.0
1.0,5044.42267264406,3109.65094048138,4404.995557480945,2209.7519544899837
2.0,5054.543827883261,3105.509102148611,4400.7384293069,2209.9232125840495
3.0,5044.5107984598235,3102.9400562035075,4402.383190731522,2208.7171259446113
4.0,5055.982972135062,3109.77592386956,4400.5033688354,2209.0477146690714
5.0,5066.116428432957,3106.593897974164,4404.539202330072,2207.4732732862994
