Number,A0,A1,A2,A3
0.0,0.0,0.0,0.0,0.0
1.0,2824.67184053195,4315.027834319449,3019.6610418822406,4199.528601293182
2.0,2820.176014291843,4313.116576204119,3017.8636716156398,4210.179098985815
3.0,2817.4972987663004,4323.487436052984,3016.202764446487,4206.875352855149
4.0,2820.918351948738,4317.594504355752,3016.4639815589535,4216.925368509592
5.0,2817.7177134092494,4322.240904718544,3015.2986418098203,4206.553806563668
