Number,A0,A1,A2,A3
0.0,0.0,0.0,0.0,0.0
1.0,4759.465748132273,2579.710426508669,4649.47809428888,2704.707484504073
2.0,4770.1956519631485,2582.6208076188973,4653.773675260368,2693.3022258661395
3.0,4774.896578279459,2592.8262919838185,4651.647091963015,2693.5474616691736
4.0,4775.063782331035,2603.595055248315,4646.314253396502,2694.920005825435
5.0,4772.456827632518,2597.438253598815,4656.3610103341225,2696.3090041133364
