Number,A0,A1,A2,A3
0.0,0.0,0.0,0.0,0.0
1.0,4549.489318067614,2134.771460042856,4919.447790086299,3174.632557306382
2.0,4539.145442786041,2141.320627447957,4927.22495361538,3177.365109465647
3.0,4528.470763929094,2142.536808197501,4930.743316770364,3176.2999385131297
