Number,A0,A1,A2,A3
0.0,0.0,0.0,0.0,0.0
1.0,4339.512888002954,1659.7915098353767,5259.409629238605,3702.5843834734887
2.0,4339.3310286740225,1658.6745345377972,5270.614623714935,3705.3631342639724
3.0,4335.080007116674,1648.0643686041392,5271.057895686526,3699.6932960189492
4.0,4336.587311073394,1653.2559708332178,5281.367405840108,3703.981146134336
