Number,A0,A1,A2,A3
0.0,0.0,0.0,0.0,0.0
1.0,4179.530846048929,1299.854090876461,5639.344803441773,4099.539825071915
2.0,4168.005070785395,1299.952492412147,5641.520277234626,4103.16372220361
3.0,4174.464842830923,1306.596929310821,5631.324064768025,4110.5053097690925
4.0,4172.711602157538,1308.9606302823067,5621.150238910423,4117.742242008096
5.0,4170.195603243269,1311.7376663161574,5631.862509225138,4112.878398942939
6.0,4176.007877356015,1311.2348208376727,5621.824882368227,4115.450912590791
7.0,4177.898904678877,1316.1339654263065,5632.433046887091,4119.508215350309
8.0,4167.8522731507255,1310.9066539879946,5633.239678485036,4112.941716245181
