Number,A0,A1,A2,A3
0.0,0.0,0.0,0.0,0.0
1.0,4073.5427432543866,1044.871623793411,6039.322083764481,4639.479216666753
2.0,4074.028282425631,1034.7066603772003,6042.86581450465,4642.119621269644
