Number,A0,A1,A2,A3
0.0,0.0,0.0,0.0,0.0
1.0,4629.480339044627,584.9454286132288,6374.273396386901,4569.487073311867
2.0,4629.298010766295,582.1329438042048,6380.502067921016,4559.01862656563
3.0,4621.630630259473,575.2873766491833,6369.914756165728,4563.782472237656
4.0,4618.903331618589,577.370746407782,6359.660895323912,4566.710125716282
5.0,4608.785673091274,577.8496007655377,6363.913447632899,4558.00998961375
6.0,4610.2567217243895,579.2322464633248,6374.037971195137,4562.857114431604
7.0,4617.983985485363,577.7286526650728,6363.901270819188,4554.998608100571
