Number,A0,A1,A2,A3
0.0,0.0,0.0,0.0,0.0
1.0,4644.489743196638,1009.886639834789,6016.318012602296,4059.5443145834092
2.0,4648.2058763507885,999.788586135528,6014.754738186869,4059.851630148706
