Number,A0,A1,A2,A3
0.0,0.0,0.0,0.0,0.0
1.0,4829.4800669248025,1424.8511488718655,5699.360244612176,3579.5981887213316
2.0,4818.500333676592,1428.556577579856,5704.554797742394,3585.424310056463
3.0,4818.05379733947,1427.3663449587234,5714.828832304752,3589.1697839244994
4.0,4828.158966553113,1431.1630287268245,5712.189495262311,3584.8329683246793
