Number,A0,A1,A2,A3
0.0,0.0,0.0,0.0,0.0
1.0,5029.435443929692,1869.7901153376788,5440.908107202199,3069.6554299928735
2.0,5022.7891880486595,1873.637531541164,5430.7443185619795,3066.1506600136395
3.0,5022.639044935296,1870.4094456818177,5432.790350928576,3076.160142268425
4.0,5023.760649029604,1869.1884590517525,5438.829669765909,3065.85848720015
