Number,A0,A1,A2,A3
0.0,0.0,0.0,0.0,0.0
1.0,5259.409629238605,2424.7389110845274,5124.435869058716,2519.717160775909
2.0,5255.97064199982,2418.7295290921925,5134.752007132987,2515.125037860666
3.0,5258.800561913274,2408.0086630479123,5130.183382791019,2515.6947464759937
4.0,5261.450641794965,2418.470976255653,5128.768418614223,2516.101167780955
5.0,5263.281098046102,2429.458102054312,5128.149433979764,2515.9657401573627
6.0,5257.148213780118,2418.631865539512,5126.724952107692,2518.3115979667614
