Number,A0,A1,A2,A3
0.0,0.0,0.0,0.0,0.0
1.0,5564.386484432288,2929.6711432831007,4909.448912464172,1989.7766468031982
2.0,5566.102401959872,2940.1803325355822,4913.513121837266,1992.7177642798133
3.0,5566.550205944447,2950.0815460059257,4912.920495988126,1982.6584649607487
4.0,5569.934301731005,2939.5021686027308,4914.394468539134,1990.6594797137373
