Number,A0,A1,A2,A3
0.0,0.0,0.0,0.0,0.0
1.0,5864.330637658443,3494.0955885614453,4699.472482399513,1499.8316433189937
2.0,5859.722853815946,3488.8468067482036,4710.030422245656,1499.571219082523
3.0,5861.48266041956,3489.2887861442505,4712.632470616634,1509.9203340030851
4.0,5861.595087350975,3488.839620920378,4713.3548902156435,1499.4727082408383
5.0,5858.5064652743,3491.6739833675906,4708.7959481655225,1509.9842990464135
