Number,A0,A1,A2,A3
0.0,0.0,0.0,0.0,0.0
1.0,6199.304125718507,4034.558208246914,4549.990370720602,1009.886639834789
2.0,6188.765582855256,4023.6826038716063,4550.000669492299,1003.9730603065091
3.0,6192.100532971718,4033.7894817864017,4550.000096886884,1001.141934057149
