Number,A0,A1,A2,A3
0.0,0.0,0.0,0.0,0.0
1.0,6549.264842492938,4509.493807579108,4454.48889293859,639.928167816104
2.0,6547.86297813662,4495.625500312697,4451.768087476087,644.0154920034238
3.0,6543.111584657753,4496.177055057519,4462.229439737383,638.6388600351797
