Number,A0,A1,A2,A3
0.0,0.0,0.0,0.0,0.0
1.0,934.8839699500179,4554.477669159856,4514.482158671349,6444.2655397417875
2.0,923.9055582404716,4562.831613038714,4517.514489567247,6441.615177431896
3.0,926.922544043357,4559.030588778115,4518.378781200834,6452.335893562334
4.0,937.5175279359544,4555.80180975925,4523.700204671072,6447.512230376057
5.0,927.0810748098764,4556.429961617767,4522.470400784486,6451.789142466096
6.0,937.3405715219155,4557.13076754174,4519.055669958642,6451.079158616053
