Number,A0,A1,A2,A3
0.0,0.0,0.0,0.0,0.0
1.0,1214.8525433695634,4624.469812514742,4079.5420698276625,6124.323631271379
2.0,1225.1339694220521,4621.4553580035235,4081.547767075338,6125.064363155897
3.0,1236.475740754533,4626.784545977161,4082.921562615759,6126.302877444926
4.0,1225.9606157519106,4625.428218668318,4084.3787685280777,6121.010376441228
5.0,1235.97742536689,4623.9383981653145,4084.3085590747955,6117.971540524553
6.0,1225.7207766876015,4632.69091213248,4085.1654558212485,6117.548753749198
7.0,1223.6753698536118,4622.245446284537,4084.2213243854717,6119.392327196754
