Number,A0,A1,A2,A3
0.0,0.0,0.0,0.0,0.0
1.0,1614.8298236922712,4714.481886551524,3599.5959439655844,5814.347337266632
2.0,1625.0606345497727,4718.137380838721,3596.554886699109,5814.787494905105
3.0,1632.439405232128,4708.069512811566,3591.7667047485234,5812.236747868782
4.0,1623.1668789101948,4718.733199661254,3589.7414546116133,5814.373253272759
5.0,1625.5234612932802,4728.736898759983,3588.8828750675093,5815.591876872853
6.0,1636.278059143071,4717.999300457556,3593.724310217362,5816.593828811354
7.0,1625.496669782477,4724.009822434561,3594.04934660354,5816.29575886004
