Number,A0,A1,A2,A3
0.0,0.0,0.0,0.0,0.0
1.0,2549.713793642289,5117.425567004406,2563.226692466628,5189.417485883718
2.0,2547.9516998528293,5120.90102664555,2552.993229145367,5193.365238835807
3.0,2549.7843539205064,5119.977687886312,2563.152577712571,5195.28727149716
4.0,2554.2038833283086,5109.496537664039,2554.024952037622,5194.753047980567
5.0,2554.2809363796073,5120.040612337252,2554.7311755188766,5196.002142580179
