Number,A0,A1,A2,A3
0.0,0.0,0.0,0.0,0.0
1.0,3059.656552370747,5399.393915948377,2039.7710349138313,4954.454949482563
2.0,3049.3550950257068,5391.060984547867,2041.4287341326406,4957.616531691074
3.0,3038.8759907925064,5392.174727812953,2042.3257285253585,4957.790464647636
4.0,3049.9519984535377,5387.740519787501,2039.0468375907478,4960.271255387989
5.0,3039.1584532915845,5386.164460619159,2039.703587354694,4955.89923164695
6.0,3049.6642351311234,5392.634891628355,2041.6042343944885,4953.661372947856
7.0,3039.3603604566756,5393.228117539943,2038.2941055379256,4953.3844219104085
