Number,A0,A1,A2,A3
0.0,0.0,0.0,0.0,0.0
1.0,3709.5835978089776,4989.4399334411855,2254.757991508375,3720.0835280840924
2.0,3714.962565725648,4988.149974026874,2258.293217223841,3710.0671264403877
3.0,3716.301095734701,4990.051453236979,2263.46947047394,3721.2289887375427
4.0,3717.6760166715044,4992.111917368258,2255.6485135007615,3731.315080599526
5.0,3716.215648461845,4992.309104952941,2260.663442477217,3721.126508171606
