Number,A0,A1,A2,A3
0.0,0.0,0.0,0.0,0.0
1.0,3544.6132047627098,5689.36136699005,1539.8271538075,4739.46799288802
2.0,3544.935939275339,5689.865841270322,1550.3491750604903,4741.069193688505
3.0,3548.9578735703712,5688.1072209072245,1543.1274814751225,4751.151231900023
4.0,3558.1628485887645,5694.603229897866,1538.826604992928,4740.487165290556
5.0,3562.061115987747,5693.0857673438995,1549.152726080729,4748.088699149207
