Number,A0,A1,A2,A3
0.0,0.0,0.0,0.0,0.0
1.0,4079.5420698276625,6014.313801990343,1039.8832727011688,4624.491987952385
2.0,4081.587024727657,6007.764679108287,1040.548304534442,4634.625410245409
