Number,A0,A1,A2,A3
0.0,0.0,0.0,0.0,0.0
1.0,4569.487073311867,6394.271151631155,639.928167816104,4489.4960523348545
2.0,4559.295409357956,6390.918872982931,639.9900427100071,4483.999423766735
3.0,4569.944046394366,6394.034018168167,637.995474349943,4484.445811511819
4.0,4559.593551793885,6390.809160394001,633.8946928402039,4482.363863234365
5.0,4551.783807498137,6401.245263509113,642.3863835055056,4483.351642996897
