Number,A0,A1,A2,A3
0.0,0.0,0.0,0.0,0.0
1.0,4653.490950600317,6069.318716630861,1056.373659374503,3989.552171228523
2.0,4643.435309883997,6072.5855388031,1053.9382543956124,3984.42844267512
