Number,A0,A1,A2,A3
0.0,0.0,0.0,0.0,0.0
1.0,4179.530846048929,5699.360244612176,1339.8496013649676,4114.538141505105
2.0,4189.837396106756,5697.13600734042,1339.442138192404,4111.837478427539
