Number,A0,A1,A2,A3
0.0,0.0,0.0,0.0,0.0
1.0,3749.5791082974843,5399.393915948377,1729.805828627906,4219.526356537435
2.0,3760.361050825074,5392.753396538831,1735.239542368011,4214.001240942824
3.0,3757.825262142899,5396.191175285149,1738.8187463051759,4203.684249533277
4.0,3767.9065141712927,5394.674632705677,1737.052987662084,4212.158423073312
