Number,A0,A1,A2,A3
0.0,0.0,0.0,0.0,0.0
1.0,3254.6235782833946,5059.432076796072,2169.756444001477,4489.4960523348545
