Number,A0,A1,A2,A3
0.0,0.0,0.0,0.0,0.0
1.0,2824.694015969593,4749.466870510147,2589.7093041307958,4759.465748132273
2.0,2815.872057489385,4753.426626708401,2594.6476334602935,4749.432006801622
3.0,2820.6002582699643,4743.249828492312,2597.9615551391717,4750.328180932971
