Number,A0,A1,A2,A3
0.0,0.0,0.0,0.0,0.0
1.0,2329.738485955503,4529.49156282336,3059.656552370747,5059.432076796072
2.0,2339.958040476371,4532.253341397338,3059.8297813685654,5057.213195636826
3.0,2350.587342811759,4528.983594823008,3064.2332001765144,5057.1456211232435
4.0,2341.1471084832483,4539.198575219511,3064.4394198644195,5058.161827305808
5.0,2341.710686394403,4528.8187405197195,3066.310325952316,5054.159898999111
6.0,2345.4423493924232,4538.82697629578,3066.305809899874,5059.115980855492
