Number,A0,A1,A2,A3
0.0,0.0,0.0,0.0,0.0
1.0,1934.7717321626803,4309.516255136575,3579.5981887213316,5424.402197722515
2.0,1925.5650470152714,4320.309076286459,3574.6311620789943,5417.242397153484
3.0,1930.8261732571189,4309.981585670324,3577.705744203474,5417.53415765674
4.0,1936.4595914190363,4320.337167083243,3576.724305593182,5419.81246370364
