Number,A0,A1,A2,A3
0.0,0.0,0.0,0.0,0.0
1.0,4230.52290437801,5414.381144662745,1929.7833810704385,3584.5865398135734
2.0,4231.20361108355,5404.224481539476,1927.7922907969912,3583.988808601332
3.0,4233.016060352788,5408.047432298481,1937.8043121224312,3587.4852206378123
4.0,4234.808381239751,5408.069534489266,1926.9927910803253,3587.7646349920637
