Number,A0,A1,A2,A3
0.0,0.0,0.0,0.0,0.0
1.0,1579.8226642960065,4169.531968426802,4059.5443145834092,5729.356877478555
2.0,1568.7862502484375,4172.680808972523,4066.00081114561,5732.145847607121
