Number,A0,A1,A2,A3
0.0,0.0,0.0,0.0,0.0
1.0,1284.8668621620925,4159.533090804675,4549.489318067614,6091.31624739954
2.0,1281.1418921113418,4149.43700923525,4549.305870945377,6090.001982140324
