Number,A0,A1,A2,A3
0.0,0.0,0.0,0.0,0.0
1.0,1659.8136852730195,3619.5936992098377,4724.458588736008,5789.350143211315
2.0,1666.5348276500888,3609.323877119131,4727.862453174779,5789.22087653971
3.0,1674.7070787429905,3612.64944088679,4727.130654035143,5778.783484342317
4.0,1678.7489641875131,3622.9341432867272,4723.580514241837,5786.300332379445
