Number,A0,A1,A2,A3
0.0,0.0,0.0,0.0,0.0
1.0,1869.7901153376788,3724.570826523346,4219.526356537435,5454.398830588894
2.0,1869.1635201036456,3720.898211148488,4209.188006235235,5447.08832423306
3.0,1858.866786915763,3724.862304181743,4211.981064073131,5454.006532261176
