Number,A0,A1,A2,A3
0.0,0.0,0.0,0.0,0.0
1.0,2174.7447950937194,3879.56451738513,3770.0779161947257,5034.4459704595765
2.0,2185.484823579716,3872.830488689123,3770.896493663156,5027.769379178126
3.0,2195.6187325657193,3872.2384458098613,3771.7963712170395,5028.621018462486
4.0,2205.6524283780363,3870.5830101982606,3774.075526490559,5028.808842736495
5.0,2195.468631030276,3871.88386623377,3773.7781967813344,5027.739854079293
6.0,2205.8454861631453,3872.3982651099222,3770.7539017660297,5032.598044422566
7.0,2195.3919781778923,3878.3932272487577,3771.5089081737965,5030.790416516671
