Number,A0,A1,A2,A3
0.0,0.0,0.0,0.0,0.0
1.0,2559.712671264416,4094.551473979674,3294.6190887719013,4699.472482399513
2.0,2551.1011998684626,4094.963984513351,3290.6308412062294,4709.639747408298
3.0,2554.058915677214,4100.195291559944,3293.092764343287,4699.457271212853
