Number,A0,A1,A2,A3
0.0,0.0,0.0,0.0,0.0
1.0,2989.6644090158607,4344.5234145328395,2844.691771213846,4399.506153735714
2.0,2988.734943220679,4349.443802434857,2846.612193037443,4410.004603576969
3.0,2978.675987747892,4353.007225313682,2845.9928342213716,4407.749532661406
4.0,2989.3654154567575,4346.649022863588,2844.16341405184,4406.741257769681
5.0,2979.199100687219,4343.926231011476,2842.8477432118975,4406.171373857315
