Number,A0,A1,A2,A3
0.0,0.0,0.0,0.0,0.0
1.0,3445.6043584097774,4614.470934892615,2359.735118821883,4079.5420698276625
2.0,3448.6932082628227,4613.8137448668085,2370.0006485851527,4079.8196302264923
3.0,3441.815123668316,4609.084516162082,2380.2193836953534,4084.296245967781
