Number,A0,A1,A2,A3
0.0,0.0,0.0,0.0,0.0
1.0,3894.5739215371414,4989.4399334411855,1989.7766468031982,3849.5678845187504
2.0,3891.096234194726,4998.689635602486,1979.677879532653,3858.65052647491
3.0,3888.853408168965,5001.511619375202,1969.2768517617376,3862.4896219552847
