Number,A0,A1,A2,A3
0.0,0.0,0.0,0.0,0.0
1.0,4349.511765625081,5354.387878929986,1656.8140219863817,3684.5753160348395
