Number,A0,A1,A2,A3
0.0,0.0,0.0,0.0,0.0
1.0,4689.473604777387,5734.367404008441,1759.8024614942858,3429.615024389432
2.0,4690.149041128666,5733.110100333696,1752.2184096876272,3439.9856268622084
3.0,4687.2747226305,5727.545529791052,1755.9254401837761,3450.6066132975902
4.0,4694.075899294626,5728.855516907381,1754.2801085993358,3440.208334819707
