Number,A0,A1,A2,A3
0.0,0.0,0.0,0.0,0.0
1.0,4829.457891487159,5729.356877478555,1400.84275485994,3574.5876621914467
2.0,4823.4397020710585,5740.191059168996,1402.794972638366,3576.4214596308116
3.0,4812.627127545702,5745.243629105339,1398.1343959215399,3572.3543951079923
