Number,A0,A1,A2,A3
0.0,0.0,0.0,0.0,0.0
1.0,5019.436566307565,5429.390548814757,1939.782258692565,3079.654307615
2.0,5013.8912652347535,5440.226953714839,1938.8746697264012,3085.3303486985837
3.0,5023.922636747299,5437.4760646913355,1936.6049087986023,3087.7797498395453
