Number,A0,A1,A2,A3
0.0,0.0,0.0,0.0,0.0
1.0,4539.490440445487,5014.448215215323,2114.7737047986025,3219.638594324773
2.0,4547.097349404776,5021.03144242903,2112.955453384644,3208.6200794913602
3.0,4552.0596913817635,5020.517047509251,2102.5773276111754,3201.198956459372
4.0,4549.7416269614205,5024.137405245021,2110.3149650434607,3211.230098662588
5.0,4553.2604603441205,5019.377520216753,2113.3934384437484,3200.612995321913
