Number,A0,A1,A2,A3
0.0,0.0,0.0,0.0,0.0
1.0,4084.5525963575474,4619.481461422501,2394.742278218148,3374.610109748914
2.0,4095.3360295756315,4615.464283373414,2394.7062574134848,3373.8045748434715
