Number,A0,A1,A2,A3
0.0,0.0,0.0,0.0,0.0
1.0,3674.598613850356,4239.524111781689,2759.690223706948,3679.5869649425977
2.0,3657.5481529899075,4239.812556902041,2755.8078449196914,3681.8547230559725
3.0,3646.734002928392,4246.463307818967,2754.8729951744986,3681.126643265752
4.0,3656.834896917734,4248.014967576955,2753.903117271039,3682.6176298876367
5.0,3664.2578923874516,4240.783869928557,2756.125967089099,3672.4776973942217
6.0,3653.7370015426995,4245.126414623859,2751.4009806178096,3675.2244545222425
7.0,3663.870531336059,4246.344505335255,2752.6945069567473,3675.335061571943
