Number,A0,A1,A2,A3
0.0,0.0,0.0,0.0,0.0
1.0,3224.6269454170147,3899.562272629383,3159.645328592013,3924.5483789658783
2.0,3230.0969482775026,3904.851034460088,3149.591663393705,3931.890620631191
3.0,3226.106682083546,3894.273011801209,3142.4923940904805,3935.6969038218135
4.0,3233.4449040984214,3904.317845631592,3139.846657105022,3936.6832071487233
5.0,3233.4719577063065,3901.5153458433633,3150.188297850633,3929.6667254649265
6.0,3230.8165140174315,3891.0844805028296,3149.7413134519616,3932.80430415047
