Number,A0,A1,A2,A3
0.0,0.0,0.0,0.0,0.0
1.0,2884.6872817023523,3584.5865398135734,3539.602678232825,4354.522292154966
2.0,2872.909821687137,3581.4933640738054,3541.6042405193994,4353.052391713606
3.0,2872.987141277821,3583.4607701836976,3543.853922338409,4343.020663795858
