Number,A0,A1,A2,A3
0.0,0.0,0.0,0.0,0.0
1.0,2569.7115488865425,3349.6018279747764,4019.548804094903,4694.484131307271
2.0,2559.4999112306054,3340.74226555719,4016.645214999896,4688.691606109873
3.0,2557.517539377501,3330.3062706157,4022.6386994907352,4691.254057038491
4.0,2552.861006404176,3340.405120143505,4021.3167000313106,4690.085250869789
5.0,2558.2470103410606,3338.518052611862,4010.754427823029,4696.0329939745125
6.0,2549.0048660449092,3341.9339430561863,4015.701624786417,4685.889002088732
7.0,2548.234196487859,3331.8208931773456,4009.084847858048,4687.62419096664
