Number,A0,A1,A2,A3
0.0,0.0,0.0,0.0,0.0
1.0,2339.73736357763,3129.6486957256334,4504.505456486866,5109.4264649067045
2.0,2334.811245444986,3139.7334529263458,4505.868032499525,5110.875154269034
3.0,2331.760482977801,3142.221043415704,4516.124684307489,5107.865508291523
4.0,2321.365774366604,3140.9831541072267,4513.976289730604,5110.39006331226
