Number,A0,A1,A2,A3
0.0,0.0,0.0,0.0,0.0
1.0,2174.7447950937194,3036.6879619087913,4999.438811063312,5544.388729188035
2.0,2167.8604182451095,3044.75664754044,4999.7789586108975,5533.588354459081
3.0,2163.8252481437876,3034.592479555604,5004.104571609311,5536.87592732617
4.0,2164.2006517248897,3024.3219204587194,4999.734815653947,5541.1909208978395
5.0,2166.3138481907304,3020.6603533330444,5004.71406763132,5551.257887527386
6.0,2167.511374104491,3019.5170675595764,5003.756243465384,5541.1549738863205
