Number,A0,A1,A2,A3
0.0,0.0,0.0,0.0,0.0
1.0,4829.457891487159,5459.387181681136,2182.770507716592,2949.668898527354
2.0,4840.408419683959,5468.020800990228,2177.9449422057073,2944.886774651234
3.0,4840.491734814134,5457.975647389544,2173.921519080317,2948.7922436574013
4.0,4851.248948306732,5456.681870225901,2176.3361978789612,2953.020298646617
5.0,4853.266422644327,5455.473993017583,2175.1537947085553,2963.0355338104932
6.0,4842.612723529399,5460.064441400172,2170.531062277758,2955.575133378908
7.0,4853.060286688692,5454.022431218902,2177.3523179741032,2957.985168074177
