Number,A0,A1,A2,A3
0.0,0.0,0.0,0.0,0.0
1.0,2649.7025698635553,2554.702144734531,5154.421414206275,5249.410751616478
2.0,2644.8539466873585,2550.585097912142,5152.568018211918,5259.832538460706
3.0,2644.8856498885575,2560.754155670368,5153.904430383218,5259.461294546321
