Number,A0,A1,A2,A3
0.0,0.0,0.0,0.0,0.0
1.0,2964.6783026793655,2839.6812446839613,4299.5173775144485,4439.501664224221
2.0,2975.0601961554016,2841.230313457071,4295.944631571822,4445.053234342964
3.0,2972.9502619756386,2833.7734155703574,4298.549938723032,4455.084644912121
