Number,A0,A1,A2,A3
0.0,0.0,0.0,0.0,0.0
1.0,3320.148381092906,3139.64757334776,3875.0661312270554,3999.5510488506493
2.0,3309.951104827316,3131.8299798201597,3873.2586656921308,4007.224730610459
3.0,3313.835362186221,3131.7876789213806,3876.96835761063,3996.9941429491832
4.0,3316.0568462715637,3135.4328447158805,3873.839099358,4007.1504666809574
