Number,A0,A1,A2,A3
0.0,0.0,0.0,0.0,0.0
1.0,3629.6147522696074,3465.619854004145,3546.6018925683134,3569.599311099205
2.0,3644.058699975533,3466.2220151108804,3546.8431932385706,3569.8421764481814
3.0,3642.505786518656,3461.7234029950373,3548.4234785637555,3559.7357714874965
4.0,3639.2657804191526,3472.069408417069,3548.8314957728426,3556.3677471352107
5.0,3649.466697174164,3463.521025234105,3548.811933200442,3555.0309161331097
6.0,3640.822734997732,3462.0834160380437,3547.570758236102,3565.0497903208234
7.0,3640.8232852148844,3458.071521673201,3548.3057110628515,3554.921465856918
