Number,A0,A1,A2,A3
0.0,0.0,0.0,0.0,0.0
1.0,4039.546559339156,3854.556235610992,3169.6442062141396,3239.636349569026
2.0,4050.0776448744236,3851.5705737722315,3176.1678452940423,3236.148656615661
3.0,4043.352144393576,3855.925350357727,3165.8310659505178,3235.7007417865775
