Number,A0,A1,A2,A3
0.0,0.0,0.0,0.0,0.0
1.0,4359.5106432472085,4199.528601293182,2879.6767551724674,2909.673388038848
2.0,4370.036003988843,4204.324432300165,2881.0474780763693,2900.8121295215756
3.0,4371.1960285336445,4200.228044864535,2880.6514637411833,2911.8035978356907
4.0,4369.978793856647,4210.37890723346,2884.5661193355936,2917.4778218394836
5.0,4370.486437174592,4214.335529093298,2877.092900254463,2907.3473343725686
6.0,4371.228326664793,4203.943755793842,2877.3646360024377,2908.2459034765166
7.0,4367.726972926185,4195.865221383513,2867.236728476791,2910.4218791471094
8.0,4368.778041262009,4206.237638517515,2871.0584491859904,2908.684471130685
