Number,A0,A1,A2,A3
0.0,0.0,0.0,0.0,0.0
1.0,4779.463503376526,4606.012913473447,2649.7025698635553,2701.1956808456252
2.0,4789.695709516908,4596.65432104775,2643.5933041226226,2705.383238294357
3.0,4792.360911569077,4596.085753292258,2636.7380294247487,2695.280984451963
4.0,4789.113209591099,4585.875653503508,2640.8304186911782,2690.2241572222447
5.0,4790.38110192509,4588.376628135654,2636.9252044550517,2700.842800971349
6.0,4795.639585378113,4598.456167736281,2639.9724419369386,2701.9175112010107
7.0,4793.9859778366545,4597.791555798877,2639.9509076490367,2711.9474021291785
