Number,A0,A1,A2,A3
0.0,0.0,0.0,0.0,0.0
1.0,5249.410751616478,5069.430954418199,2519.717160775909,2539.7149160201625
2.0,5255.457110826002,5062.183359412368,2529.8169957218356,2545.8678072859475
3.0,5252.043909248431,5067.2396841148,2519.3043848803163,2543.5771052496793
