Number,A0,A1,A2,A3
0.0,0.0,0.0,0.0,0.0
1.0,5489.3838145475165,4814.4484873351485,2999.6632866379873,2119.7620558908443
2.0,5489.694607749485,4817.281735808076,2999.83311898879,2109.761257107992
3.0,5488.746613226085,4817.847635015003,2999.9372058643944,2099.4216905663698
4.0,5486.3583639299295,4828.154774500375,2995.977897312633,2098.8577554306175
5.0,5492.4811286625545,4838.182787527162,2993.090304212139,2098.8905071383188
6.0,5500.2625016836155,4828.119869794406,2996.265691975967,2099.32357043984
7.0,5498.478956727934,4838.9992991247245,2995.013964088191,2099.7345080010014
