Number,A0,A1,A2,A3
0.0,0.0,0.0,0.0,0.0
1.0,5089.428709662451,4392.513592031519,3129.6486957256334,2284.732448937112
2.0,5086.985453721989,4390.788585544799,3118.2450921463283,2285.7616813370482
3.0,5085.668009808158,4399.381183785262,3128.333452624612,2293.702547696085
4.0,5088.7425195491305,4395.490292001636,3118.145414804189,2292.9850582717268
5.0,5090.098301896654,4405.550573585782,3125.2395600995765,2300.187625285771
6.0,5092.075519268601,4395.34618083309,3129.579409345084,2297.9118586429527
