Number,A0,A1,A2,A3
0.0,0.0,0.0,0.0,0.0
1.0,4669.475849533133,3954.5671872699013,3357.6231055101202,2569.7115488865425
2.0,4679.48571226521,3956.9345877068595,3353.1559129225575,2571.3230958017007
3.0,4681.9518206307675,3957.524426032803,3360.5873883772133,2560.662422943695
