Number,A0,A1,A2,A3
0.0,0.0,0.0,0.0,0.0
1.0,4324.525659288586,3559.6004334770782,3579.5981887213316,2909.673388038848
2.0,4332.976154698683,3558.7966420455427,3582.9529366754055,2899.3914330077723
3.0,4335.050524954906,3550.4858992824716,3572.8494585889707,2895.5961634991686
4.0,4328.75554765805,3553.7136127023155,3578.367964597965,2884.7276893689864
