Number,A0,A1,A2,A3
0.0,0.0,0.0,0.0,0.0
1.0,4034.536032809271,3154.6348020621285,3869.5656397630037,3240.6362373312386
2.0,4034.1105753030724,3162.9390548538017,3880.0658191477037,3245.9018130811323
3.0,4044.2274442177804,3163.4313034847582,3872.8735064135267,3243.6255259445124
