Number,A0,A1,A2,A3
0.0,0.0,0.0,0.0,0.0
1.0,3759.5779859196105,2768.6892135668622,4239.524111781689,3589.597066343458
2.0,3764.9906387510537,2770.4939546789165,4233.515289123052,3600.4796378467654
3.0,3766.2054218258036,2769.3696788870175,4233.081966147018,3610.6229946948133
4.0,3767.4507298076005,2769.720241452172,4232.16670651876,3621.227608059793
