Number,A0,A1,A2,A3
0.0,0.0,0.0,0.0,0.0
1.0,3489.6082901221916,2374.7445229738946,4577.989445606321,4129.536457938296
2.0,3487.416811007017,2376.1676508272667,4579.835384594258,4118.895931610672
3.0,3477.1148787856823,2380.842840876845,4576.957049224821,4123.0077264623105
