Number,A0,A1,A2,A3
0.0,0.0,0.0,0.0,0.0
1.0,3304.6401418316705,2169.756444001477,5019.436566307565,4539.490440445487
2.0,3315.941587709038,2163.927002116977,5020.144698599646,4541.040135636428
3.0,3322.586328860418,2153.4556079862164,5022.8813254151,4531.85015869804
4.0,3312.579946406218,2152.3015845681816,5018.489033585473,4534.1409681098785
5.0,3317.679452197331,2148.5153647191496,5018.630845987725,4544.509890685537
6.0,3307.524487732683,2157.937802058429,5022.5527364965,4542.366388155926
7.0,3313.3339156623238,2160.192041953194,5021.570240764237,4531.94333323105
8.0,3318.718006629595,2150.1704864080757,5022.863959940045,4538.960502607923
