Number,A0,A1,A2,A3
0.0,0.0,0.0,0.0,0.0
1.0,3199.6408390805195,1974.7672426511867,5479.38493692539,4989.4399334411855
2.0,3190.5643188578733,1985.1470781086002,5477.679771262372,4984.540190675788
3.0,3200.6657679248924,1987.5162521288212,5481.836551214935,4981.861748487596
4.0,3193.590081519091,1981.250236868509,5471.730470725349,4980.278550310304
5.0,3188.9051053429703,1991.299902328717,5471.365689132456,4978.975503635121
6.0,3192.667301799482,1982.380337513104,5481.651467157116,4982.807187498723
