Number,A0,A1,A2,A3
0.0,0.0,0.0,0.0,0.0
1.0,3729.5813530532305,1470.832680671062,5749.354632722809,4774.452976846642
2.0,3718.021515719652,1461.8084356043184,5754.888015357017,4776.548021431291
3.0,3717.627696000142,1472.594148506549,5753.429644336061,4773.698607364112
4.0,3718.102747014157,1482.7881833067217,5754.386415352697,4768.655130335934
5.0,3718.443099293786,1472.3791975461952,5750.962433789178,4768.267197536339
