Number,A0,A1,A2,A3
0.0,0.0,0.0,0.0,0.0
1.0,3773.576414590588,1694.820844669284,5299.4051397271105,4305.006781259679
2.0,3776.437281133743,1683.9386308651913,5305.37339056819,4302.238864509275
3.0,3777.356741579244,1673.4922802075143,5305.971338486319,4301.017140575585
4.0,3778.0459436896585,1683.7439521295444,5309.707237200108,4298.699539182316
5.0,3773.8828822094047,1685.3021735123946,5319.936641808228,4298.494249270903
6.0,3771.2464146342572,1674.6452669905136,5314.8470748626205,4299.4910218107025
