Number,A0,A1,A2,A3
0.0,0.0,0.0,0.0,0.0
1.0,1574.8121377661219,4759.465748132273,3614.605348117596,5614.358697105278
2.0,1573.5708068349122,4760.008670097378,3604.4527594409205,5613.872615323443
3.0,1563.5577282802967,4764.81533132185,3604.0632064979254,5618.0782348726925
