Number,A0,A1,A2,A3
0.0,0.0,0.0,0.0,0.0
1.0,4019.548804094903,4699.472482399513,2639.7036922414286,3279.631860057533
2.0,4019.8250979484656,4690.414386336531,2629.2311295921018,3282.5124762293444
