Number,A0,A1,A2,A3
0.0,0.0,0.0,0.0,0.0
1.0,3979.5532936063964,1982.7774324677096,4969.442178196932,3869.5656397630037
2.0,3969.08542236145,1987.3261499656383,4970.976275871594,3868.4908149747093
3.0,3979.574847205483,1983.6902859626957,4971.5915794030825,3867.629618138916
4.0,3969.124288259556,1987.7198809384688,4977.159067603871,3870.0842659814984
5.0,3979.7381000249175,1983.1001335714957,4973.6060315851355,3870.6045659746583
6.0,3990.166973640368,1984.545322181509,4978.048758653526,3871.9192984928413
7.0,3979.9660886126717,1982.8757495064356,4980.181694499347,3871.867342813796
