Number,A0,A1,A2,A3
0.0,0.0,0.0,0.0,0.0
1.0,4174.520319519044,2418.72849679243,4619.481461422501,3409.617269145179
2.0,4177.987491995175,2413.078275832438,4629.5572411673165,3414.9804136298653
3.0,4176.869413113117,2423.2845940785783,4633.318554685281,3412.943282066699
4.0,4176.085096728951,2425.5342556213895,4623.176292637282,3414.904404545236
5.0,4177.74726056078,2415.20111355126,4626.240606994261,3416.3003309327496
6.0,4173.017164217412,2425.2690704726556,4631.8702058529925,3414.2307589277125
