Number,A0,A1,A2,A3
0.0,0.0,0.0,0.0,0.0
1.0,4391.5114867255415,2854.6684733983298,4299.5173775144485,2919.672265660974
2.0,4394.367639733045,2861.14085465579,4301.656970503725,2929.67558801833
