Number,A0,A1,A2,A3
0.0,0.0,0.0,0.0,0.0
1.0,4704.460833491755,3304.6401418316705,4029.5476817170297,2519.717160775909
2.0,4708.033525697742,3305.9849471504454,4031.0157738860435,2530.2591597746014
