Number,A0,A1,A2,A3
0.0,0.0,0.0,0.0,0.0
1.0,5074.41930551044,3746.0939151642074,3794.5629698782323,2159.757566379351
2.0,5073.763738137142,3745.517254869232,3794.3702922559937,2148.227137456023
3.0,5072.202381192064,3756.192712264172,3792.956404130223,2147.4654874366765
