Number,A0,A1,A2,A3
0.0,0.0,0.0,0.0,0.0
1.0,5419.39167119263,4239.524111781689,3619.5936992098377,1824.8062537569303
2.0,5422.225830746858,4234.635896308321,3621.4849172037243,1834.9641756338742
3.0,5432.542797678003,4233.649195945277,3621.472910610328,1838.6456789533543
4.0,5431.060095293724,4230.378494839437,3626.214572510342,1828.4231453087543
5.0,5435.740656042133,4234.249558321739,3624.700590972982,1838.4336107756214
6.0,5429.549587323229,4231.253707314568,3625.1175408443883,1848.4988264598474
