Number,A0,A1,A2,A3
0.0,0.0,0.0,0.0,0.0
1.0,5824.35730260758,4709.47136002164,3519.6049229885716,1587.3273663720122
2.0,5831.068033496856,4716.564912838409,3530.4398331733905,1587.6732000546667
3.0,5832.051676645646,4726.628574828126,3527.30120182434,1588.132710984733
4.0,5842.826375809278,4720.269558494855,3525.0017646764286,1584.7400909447215
5.0,5842.8950660603305,4721.056148181162,3535.088256120042,1588.1620182629301
6.0,5836.661521244668,4722.672198005185,3524.8758508557344,1585.906542406207
