Number,A0,A1,A2,A3
0.0,0.0,0.0,0.0,0.0
1.0,6139.310859985747,4554.499844597499,4019.548804094903,1139.8720489224352
2.0,6149.946699914847,4560.075458719745,4027.614300803154,1142.9954152507091
3.0,6160.016879587643,4561.7067756424985,4030.2305918852053,1145.681933145799
4.0,6155.370323257521,4572.224500764872,4030.942248679747,1145.1257814303924
