Number,A0,A1,A2,A3
0.0,0.0,0.0,0.0,0.0
1.0,5789.350143211315,4079.5420698276625,4109.5387026940425,1419.8406223419806
2.0,5789.061741073068,4074.870366259095,4098.435605977374,1423.1375070152326
3.0,5790.8019748743745,4076.1797502188865,4088.1340874868606,1422.776307543322
4.0,5793.0066863569955,4075.483627363528,4098.957971767618,1422.6491950865625
5.0,5788.522999281548,4074.698407965924,4105.113758351235,1432.8133408738483
6.0,5793.94401811201,4076.040912672971,4105.247741448623,1422.5253239166543
