Number,A0,A1,A2,A3
0.0,0.0,0.0,0.0,0.0
1.0,5469.386059303263,3609.594821587711,4249.522989403816,1769.8013391164125
2.0,5466.819005988643,3599.4958487735544,4245.331801305347,1772.5705713504378
3.0,5463.890552840926,3599.6883773631016,4255.62529465283,1774.2042885390329
4.0,5461.809184797823,3600.2263239694817,4258.80791777874,1784.970736902452
5.0,5463.433726037997,3598.7077951421147,4251.6512371551,1774.769637232439
6.0,5463.979648466035,3604.2967096260754,4253.023749620368,1785.4294061445146
7.0,5462.357575656906,3600.1490487409633,4251.150729315751,1774.7615624457667
