Number,A0,A1,A2,A3
0.0,0.0,0.0,0.0,0.0
1.0,3549.6015558549516,4309.516255136575,2919.672265660974,3549.6015558549516
2.0,3553.83446392656,4303.147987616999,2913.247875297064,3560.462067012145
3.0,3546.2845191156575,4304.084225562552,2909.5255346073122,3550.0755807064406
4.0,3551.7844949300484,4298.847381983819,2899.2977501644973,3550.4168966695297
5.0,3553.250121848921,4302.9617967593,2909.613326029432,3549.882092856202
