Number,A0,A1,A2,A3
0.0,0.0,0.0,0.0,0.0
1.0,5119.425342528832,3149.6464509698867,4444.4900153164635,2222.757148030041
2.0,5123.008532704999,3148.4666585297673,4434.306018605974,2225.561510531229
