Number,A0,A1,A2,A3
0.0,0.0,0.0,0.0,0.0
1.0,4874.4417530679075,2674.189841090826,4669.475849533133,2671.6823602821196
2.0,4877.612393888149,2679.9932975695015,4664.329088208641,2661.6267254791405
3.0,4883.989175221992,2680.753634402332,4657.487724375605,2671.800612948844
4.0,4880.671012153938,2679.3725702203906,4656.335603029904,2661.7466998191876
