Number,A0,A1,A2,A3
0.0,0.0,0.0,0.0,0.0
1.0,4609.4825838003735,2184.2647955005004,4964.431651667047,3144.635924440002
2.0,4607.311161948472,2187.81888405271,4964.680769034962,3134.5673284388463
3.0,4613.932286508462,2190.5118414168605,4954.028731107654,3138.6730161598116
4.0,4610.7781717546,2186.334293582523,4964.203154700413,3138.366910447019
5.0,4609.211618157226,2196.416206016993,4957.322133710638,3141.883098981941
