Number,A0,A1,A2,A3
0.0,0.0,0.0,0.0,0.0
1.0,4429.502786602095,1699.7870203238833,5304.393490819352,3689.5858425647243
2.0,4433.768323549433,1708.3110192113436,5314.84990006586,3689.930834388026
3.0,4432.535956423974,1698.0300587591125,5305.887193310651,3684.066548993634
4.0,4430.0634738591625,1708.143541117454,5296.791101438201,3685.945790754794
5.0,4431.506629774664,1698.0974846738463,5299.793898841667,3685.7696976854845
