Number,A0,A1,A2,A3
0.0,0.0,0.0,0.0,0.0
1.0,4314.504606228817,1354.836830079336,5664.375260653554,4119.537580316169
2.0,4316.03744673833,1344.6765023094358,5665.189531465759,4120.77577804327
