Number,A0,A1,A2,A3
0.0,0.0,0.0,0.0,0.0
1.0,4134.524809030538,1069.8799055675488,6024.334855050112,4659.476971911006
2.0,4135.7226758185525,1059.6789373512775,6028.807315251957,4659.072909591413
3.0,4134.262527906849,1062.2305735897426,6018.526102917175,4655.277422679853
