Number,A0,A1,A2,A3
0.0,0.0,0.0,0.0,0.0
1.0,4619.481461422501,684.9342048344952,6334.277885898395,4519.492685201234
2.0,4622.374318534753,675.8625207812792,6340.968162341301,4508.308219651231
