Number,A0,A1,A2,A3
0.0,0.0,0.0,0.0,0.0
1.0,4709.47136002164,1079.8787831896755,5969.329940409594,4077.5378592157085
2.0,4711.30253934771,1069.378899736103,5974.255134569129,4077.1444852053414
3.0,4721.470786414578,1066.6681140793296,5981.511506316898,4076.7037799251307
4.0,4710.877638890575,1073.2207036264222,5983.698239716512,4072.1119785384035
5.0,4718.786233793242,1063.157582995569,5982.710702970486,4076.9395821848334
