Number,A0,A1,A2,A3
0.0,0.0,0.0,0.0,0.0
1.0,4869.453401975666,1544.8155048997419,5694.349718082291,3544.5910293250668
2.0,4876.566058242033,1531.3056868862122,5687.358274933102,3538.064350697588
3.0,4877.626938875102,1532.1768053756407,5677.049845441631,3541.645304091183
4.0,4877.462324619934,1542.296269705691,5681.560123395656,3543.9637036075005
5.0,4882.101238387674,1537.0347615153796,5691.718088596303,3540.5717279770943
6.0,4882.26689731535,1527.0133936234147,5693.571595583997,3539.7234149718624
7.0,4873.909977544404,1537.22376947382,5694.788381065812,3539.6695360545536
8.0,4874.508952858417,1548.0321824811576,5692.03282846142,3537.1853394790737
