Number,A0,A1,A2,A3
0.0,0.0,0.0,0.0,0.0
1.0,5104.438113814463,1984.7882957109564,5399.393915948377,3029.6599195043673
2.0,5093.692780449148,1992.1245695927819,5397.478120448411,3020.693627736928
3.0,5103.701353363026,1985.3124315394612,5395.998796803091,3017.841441917443
