Number,A0,A1,A2,A3
0.0,0.0,0.0,0.0,0.0
1.0,3099.6520628592534,3949.5566607400165,3299.629615301786,3864.076236017773
2.0,3110.354935506333,3955.0778042600887,3296.3740839711118,3870.898071671064
3.0,3113.151675503516,3955.9327781768884,3286.0224843446517,3867.1491686908585
