Number,A0,A1,A2,A3
0.0,0.0,0.0,0.0,0.0
1.0,5339.400650215617,2524.727687305794,5149.421975395211,2549.713793642289
2.0,5329.261881351412,2515.7276349627073,5141.757628332354,2552.601369543724
3.0,5332.342026459702,2520.864608124865,5151.97041968761,2554.406433292622
4.0,5327.742308947535,2521.1233362580815,5141.859894459615,2553.9633027260115
