Number,A0,A1,A2,A3
0.0,0.0,0.0,0.0,0.0
1.0,5549.3770802802765,3044.6914990940213,4884.440630690035,2036.7713716271933
2.0,5538.6789344580275,3043.929258594463,4880.764492338961,2037.7329725850266
3.0,5528.605352530929,3050.11874834937,4881.188883166764,2037.613405879718
4.0,5538.712321474051,3054.150843819855,4880.132469552717,2038.6310543819445
5.0,5538.02403949341,3043.921262729643,4881.854249718662,2037.2081312925407
6.0,5546.0947852021145,3054.156403181699,4879.5497779187635,2038.0249501174344
7.0,5535.634130192988,3044.515928231303,4882.335733336719,2039.365986471492
