Number,A0,A1,A2,A3
0.0,0.0,0.0,0.0,0.0
1.0,5819.346776077696,3517.6317579893175,4689.473604777387,1597.8206440158344
2.0,5817.642502597063,3506.349641847436,4697.3236213971795,1595.6011091699206
3.0,5824.000373700001,3496.173781929219,4697.8098768930895,1594.4534713957944
4.0,5822.093789449227,3507.524445960302,4698.926134973408,1602.5863806637353
5.0,5819.314985696455,3513.9405136673217,4702.037763606855,1592.57244617271
