Number,A0,A1,A2,A3
0.0,0.0,0.0,0.0,0.0
1.0,6209.303003340633,3996.5513855640115,4579.485950933994,1159.8698041666883
2.0,6198.386219249769,4001.9958719334995,4579.87700812303,1168.9975924528019
3.0,6195.144649821888,3991.385034446941,4579.870766994245,1173.6400988911505
4.0,6194.414334104202,4001.70419708528,4579.814401771185,1171.0914589184658
5.0,6191.293947598848,3998.830325353937,4579.01406901239,1160.8934700496086
6.0,6196.597279684289,3999.8010138603686,4579.6043139298945,1171.9771928171042
