Number,A0,A1,A2,A3
0.0,0.0,0.0,0.0,0.0
1.0,6554.275369022824,4529.49156282336,4479.497174712727,834.9173691663945
2.0,6550.572495010944,4527.002829097355,4491.68698760403,831.2904487206365
3.0,6560.601308995799,4521.757711472016,4495.046539036964,836.8099429813925
