Number,A0,A1,A2,A3
0.0,0.0,0.0,0.0,0.0
1.0,2799.6857341954546,3629.5925768319644,3689.5858425647243,4229.5252341595615
2.0,2789.464984124231,3626.2965813082856,3692.723246988128,4230.940145708639
3.0,2791.8597659765624,3636.35155673214,3694.353907764537,4231.362633398046
4.0,2788.068574169371,3626.3382808753568,3693.812020723375,4232.282006763467
