Number,A0,A1,A2,A3
0.0,0.0,0.0,0.0,0.0
1.0,2479.7216502874026,3379.620636278799,4124.548106846054,4549.489318067614
2.0,2468.4649294195638,3381.0105800067663,4126.737795925299,4549.877813746676
3.0,2468.6974499281705,3376.4038807741645,4123.239404411581,4560.35421527346
4.0,2470.4357350172545,3386.510120952143,4127.529959099201,4560.597454458482
5.0,2471.532621550937,3376.092985029844,4126.73606614407,4553.148864594951
