Number,A0,A1,A2,A3
0.0,0.0,0.0,0.0,0.0
1.0,2204.7414279600994,3174.6547327440244,4559.488195689741,4949.444422952679
2.0,2193.938600545201,3179.014732430835,4559.866502502248,4957.003353031032
