Number,A0,A1,A2,A3
0.0,0.0,0.0,0.0,0.0
1.0,2009.7744020474515,3056.164706606178,4999.438811063312,5376.380974611136
2.0,1999.7520418371798,3053.740817944293,4999.817278508258,5378.821655819508
3.0,2003.6430082738616,3057.3963351204256,5009.820902046314,5382.102005022712
4.0,1998.42752228114,3053.167503699791,5009.736262038089,5392.578346286582
5.0,2008.4318327944814,3053.9469623722225,5009.029283561979,5388.932230356128
6.0,1997.5575601067783,3053.7667580073917,5010.727628462307,5388.05135397657
7.0,2008.3386316901815,3055.283307182592,5004.107844281449,5389.538191612813
