Number,A0,A1,A2,A3
0.0,0.0,0.0,0.0,0.0
1.0,2452.724680707661,2584.7209530385535,5289.406262104984,5139.423097773085
2.0,2450.8637228373204,2583.130484814822,5278.825083839289,5137.770801277589
3.0,2451.9936645078433,2582.1465158312094,5274.583820259179,5127.725855013315
