Number,A0,A1,A2,A3
0.0,0.0,0.0,0.0,0.0
1.0,2863.1930211304266,2909.673388038848,4344.501239095197,4304.50572860669
2.0,2866.575222097348,2919.912522650485,4340.560098794346,4310.158921630593
3.0,2858.877637495168,2909.631920614819,4345.16400604256,4312.592425884436
4.0,2858.221640133471,2910.579519315622,4344.659567468581,4322.668468828488
