Number,A0,A1,A2,A3
0.0,0.0,0.0,0.0,0.0
1.0,1989.7766468031982,4969.442178196932,3079.654307615,5309.42619278688
2.0,2000.1711098392593,4964.630690329138,3079.9355313541114,5311.822471450751
3.0,2009.0952334574292,4971.089070718935,3087.4751139355285,5322.524651029465
4.0,2019.3324522247667,4978.661408186606,3084.0884145410428,5324.9381285384825
5.0,2009.2468786156192,4975.774965996092,3083.9099374688103,5321.788846250803
