Number,A0,A1,A2,A3
0.0,0.0,0.0,0.0,0.0
1.0,3159.645328592013,3229.6374719468995,3979.5532936063964,3909.56115025151
2.0,3156.454044869068,3218.018001846926,3981.5881610281263,3908.160243980859
3.0,3154.412202923458,3228.242408871872,3985.617713109575,3911.227867142924
4.0,3157.829977264911,3217.984514179108,3985.9030131025997,3912.7075235718135
5.0,3147.7076218896577,3215.6888640599323,3982.750208300616,3911.598266775702
