Number,A0,A1,A2,A3
0.0,0.0,0.0,0.0,0.0
1.0,3505.0965714895488,3559.6004334770782,3579.5981887213316,3519.6049229885716
2.0,3500.4308656714284,3569.6249555867626,3579.723975859994,3512.7238499721534
3.0,3501.708714437643,3569.0244340895038,3579.6375066652754,3523.450972484385
4.0,3498.396435389469,3564.8775519418173,3579.823872242155,3512.9914467103417
