Number,A0,A1,A2,A3
0.0,0.0,0.0,0.0,0.0
1.0,3874.5539908552455,3949.5566607400165,3284.6423865874176,3159.667504029656
2.0,3877.9648958486655,3959.6791348211914,3287.6899563778156,3151.4690876193954
3.0,3876.2907182566714,3959.1488777913733,3283.8949660807198,3161.8828168289647
4.0,3872.5831590963294,3962.5971442299588,3294.018683131674,3164.1984749595176
5.0,3877.0741496113073,3972.683529349681,3292.06597121024,3162.148046532457
