Number,A0,A1,A2,A3
0.0,0.0,0.0,0.0,0.0
1.0,4309.516255136575,4379.530573929104,3004.673813167872,2849.702297743731
2.0,4304.716421916355,4389.85499565213,3007.3602489692503,2859.940104967847
3.0,4296.3282309736,4386.885997744729,3006.394315058737,2849.5537802252766
4.0,4301.338577117798,4385.938323558791,3017.1396536143966,2844.2711767933274
5.0,4299.297581113074,4379.451516838135,3007.901332752971,2854.4383418314274
