Number,A0,A1,A2,A3
0.0,0.0,0.0,0.0,0.0
1.0,4704.460833491755,4804.471785150664,2809.6846118175813,2629.7048146193024
2.0,4708.885624864421,4804.410990481988,2799.2378044353522,2632.812531389089
