Number,A0,A1,A2,A3
0.0,0.0,0.0,0.0,0.0
1.0,5399.393915948377,4959.443300574805,3114.661467011265,1974.7672426511867
2.0,5394.905638350051,4955.423872514205,3114.1019636093934,1963.814845522044
3.0,5394.421224223873,4946.054851404096,3120.412485641837,1953.4863825412124
4.0,5389.390050514252,4955.431347902395,3109.765872488996,1953.9041091267848
5.0,5384.019312937294,4965.689215180579,3119.2672498869315,1961.3265847777086
6.0,5383.396356721972,4963.498606263081,3129.546211850296,1962.97360089694
