Number,A0,A1,A2,A3
0.0,0.0,0.0,0.0,0.0
1.0,5034.4459704595765,4512.979000712384,3264.6224559055213,2144.7481622273394
2.0,5028.388609219304,4512.26823121322,3254.5531033321877,2146.000192168485
3.0,5025.258743687358,4506.799916474658,3256.548867006254,2156.214599027876
