Number,A0,A1,A2,A3
0.0,0.0,0.0,0.0,0.0
1.0,4614.493110330259,4079.5420698276625,3414.627795675063,2440.726027561109
2.0,4617.7110244086825,4087.6638089880657,3413.9967819797707,2451.17077415702
3.0,4617.124654022438,4090.815860440944,3418.7181742229714,2441.1183504562237
4.0,4614.774424125049,4080.461119911605,3415.7421120877093,2444.148954381135
5.0,4613.701876092316,4082.019021643381,3420.7365923089187,2433.4281886914564
