Number,A0,A1,A2,A3
0.0,0.0,0.0,0.0,0.0
1.0,4234.535760689447,3606.5796354947233,3649.5903320762177,2789.686856573328
2.0,4234.783655085897,3616.66519362951,3645.4494290164935,2793.2942279728454
