Number,A0,A1,A2,A3
0.0,0.0,0.0,0.0,0.0
1.0,2484.7321768172874,5124.914746274062,2609.7070593750486,5040.953002317134
2.0,2495.9770361903456,5124.430802610368,2606.9265213969475,5038.197058278328
3.0,2490.187758985662,5117.92999429515,2596.263681612606,5035.161637759546
4.0,2479.645185481252,5121.380576839524,2592.026936271363,5027.432916860758
5.0,2476.1294312884897,5126.126470001268,2602.2382814702178,5032.729314388349
