Number,A0,A1,A2,A3
0.0,0.0,0.0,0.0,0.0
1.0,3919.5822033112795,3249.657402628796,3899.562272629383,3169.6442062141396
2.0,3912.844690444357,3260.4812322335956,3901.055225546269,3166.4395978304783
3.0,3916.7602679231886,3271.53901496447,3904.6480085728044,3164.7806636359983
4.0,3920.196334421504,3261.400123019001,3899.892533856224,3170.4752750533457
5.0,3910.1720661098448,3254.650413571008,3902.3272068212827,3166.020281556197
6.0,3914.254522149933,3265.5813998362896,3903.078770811598,3167.2502728458276
7.0,3913.8616652366118,3255.4258312699917,3901.7876533644912,3162.128394407229
