Number,A0,A1,A2,A3
0.0,0.0,0.0,0.0,0.0
1.0,3584.608715251216,2909.673388038848,4259.521867025942,3669.588087320471
2.0,3579.820981018135,2898.546445225381,4252.904811476893,3674.451387327933
3.0,3569.622295826649,2907.4810830458555,4248.262755495179,3682.4854064182964
