Number,A0,A1,A2,A3
0.0,0.0,0.0,0.0,0.0
1.0,3269.632982435406,2619.7059369971753,4569.487073311867,4119.537580316169
2.0,3280.222232485602,2626.6175328989116,4569.892248612543,4113.303239257551
3.0,3290.606620821158,2629.6189260302,4575.409711785056,4112.333727704094
