Number,A0,A1,A2,A3
0.0,0.0,0.0,0.0,0.0
1.0,3074.6437810851153,2359.735118821883,5024.424917399807,4456.499756181836
2.0,3071.68675135928,2370.196086143039,5026.870443462775,4464.169802437185
3.0,3069.632524390192,2364.293104874439,5024.430376177684,4454.001002748978
4.0,3066.056366338478,2366.537876595642,5023.683944723414,4464.339692393796
