Number,A0,A1,A2,A3
0.0,0.0,0.0,0.0,0.0
1.0,3514.594396458687,1994.76499789544,5349.399527837743,4314.504606228817
2.0,3519.9852449211076,1983.8245904338887,5349.76348571366,4315.8444168685055
3.0,3530.4610914480286,1986.2487749432355,5352.43682932889,4317.475709521539
4.0,3534.055456626588,1980.371206690992,5341.5936673132455,4318.44615439875
5.0,3523.8395550037894,1979.471502193794,5344.825042255677,4319.491470654749
6.0,3513.794307906395,1981.345061586669,5335.30843609589,4317.44052858233
7.0,3503.2272255103417,1979.5788637410046,5338.834258095393,4314.7164862457885
8.0,3510.2862733158386,1978.0734461873237,5328.759677852248,4316.030759940483
