Number,A0,A1,A2,A3
0.0,0.0,0.0,0.0,0.0
1.0,3719.582475431104,2264.734693692859,4939.445545330553,3859.566762140877
2.0,3709.526804743006,2258.1897624074654,4939.8835247584175,3859.908988981273
3.0,3711.8956011908695,2267.332710710774,4940.9951728230835,3849.382300079718
4.0,3711.956418797768,2257.270450308572,4939.4849013590165,3849.6573608709705
