Number,A0,A1,A2,A3
0.0,0.0,0.0,0.0,0.0
1.0,3929.558905495763,2629.726990056945,4630.482444350604,3404.628918052937
2.0,3918.7869668231056,2631.9085995793475,4631.145621948546,3399.318396606024
3.0,3915.2785081566412,2626.6294451840718,4634.280346461191,3409.594367978891
