Number,A0,A1,A2,A3
0.0,0.0,0.0,0.0,0.0
1.0,4219.526356537435,3054.668201278505,4294.506850984563,2909.673388038848
2.0,4219.765254044231,3054.81897364579,4282.146022508393,2912.122769995072
3.0,4216.043941199085,3043.4725102596185,4278.981365739271,2913.7820316111242
4.0,4213.59075116095,3046.6092485070685,4289.450632420274,2915.331050422132
5.0,4212.77805166199,3057.274876119415,4294.673957638667,2920.9443242431857
6.0,4214.778851855335,3059.418508422564,4284.6586988120835,2915.4770350756303
