Number,A0,A1,A2,A3
0.0,0.0,0.0,0.0,0.0
1.0,2974.655004863849,5414.381144662745,2149.7586887572243,4839.977779656153
2.0,2963.883088576555,5412.720772371937,2150.0270092327432,4836.136943333789
3.0,2963.2663092751627,5423.250091884709,2155.2883717619156,4833.276805901623
4.0,2968.8893409628536,5423.544793911446,2145.20041637336,4830.875704202417
5.0,2979.4387407237955,5426.9395654360615,2148.2910679480974,4830.051985084244
6.0,2968.712139530888,5421.291379238896,2153.3860577637606,4830.8569611727635
7.0,2958.326401224127,5428.256537792799,2149.8396017312702,4830.219377523783
