Number,A0,A1,A2,A3
0.0,0.0,0.0,0.0,0.0
1.0,4517.492909676809,3484.5977635923073,4034.558208246914,2449.7250174210226
2.0,4517.800267000808,3485.8811097390967,4031.795389425638,2460.023024772444
3.0,4522.809986670118,3487.4751438588632,4041.9716812045363,2467.9974230472044
4.0,4520.273843271239,3488.58736186194,4052.1898369190208,2459.003931104947
