Number,A0,A1,A2,A3
0.0,0.0,0.0,0.0,0.0
1.0,4879.452279597793,3909.56115025151,3774.5652146339794,2049.7920879736007
2.0,4883.794496392371,3921.176355288863,3771.092277671024,2055.0368032363585
3.0,4894.602259293024,3916.017022750121,3774.5004263405963,2063.7140732375256
4.0,4883.786561659474,3917.358870226718,3771.6674034927937,2063.3796844939593
5.0,4894.724808126068,3912.336850147142,3772.2652207010933,2055.643481114466
6.0,4897.856025202497,3922.9359278826587,3774.301979625287,2055.3515570304903
