Number,A0,A1,A2,A3
0.0,0.0,0.0,0.0,0.0
1.0,5309.404017349238,4349.511765625081,3579.5981887213316,1789.8212697983085
2.0,5309.7977475888965,4353.629492858417,3582.3762508149975,1800.318179311135
3.0,5306.1630222416115,4352.886341972284,3584.6528132475546,1790.2513106860886
4.0,5302.946240671135,4351.700613714491,3584.3636718872262,1779.2753996748465
5.0,5298.968858206841,4350.784391901666,3582.5486363229834,1768.0498580027183
6.0,5298.012059666305,4350.402768855667,3584.075344409847,1757.9522069251268
7.0,5307.7975001778705,4347.120432301,3583.840624280382,1768.0247774781271
