Number,A0,A1,A2,A3
0.0,0.0,0.0,0.0,0.0
1.0,5709.359122234302,4809.460136242907,3539.602678232825,1579.8226642960065
2.0,5703.159890922311,4804.91544336317,3536.051356012085,1589.9821453103805
