Number,A0,A1,A2,A3
0.0,0.0,0.0,0.0,0.0
1.0,6049.320961386607,4690.992285542702,4019.548804094903,1104.8870649638134
2.0,6046.9015585068755,4687.774197465507,4023.382067251163,1114.8973611441593
3.0,6044.994370626803,4684.558982776667,4025.066982998718,1104.8346617707437
4.0,6042.232020175703,4685.01080045426,4014.9308668756084,1109.6683127519173
