Number,A0,A1,A2,A3
0.0,0.0,0.0,0.0,0.0
1.0,5619.369223635163,4119.537580316169,4173.017161560078,1441.8381531106593
2.0,5619.593157257908,4130.182528271118,4171.66791242093,1443.8512615081183
