Number,A0,A1,A2,A3
0.0,0.0,0.0,0.0,0.0
1.0,5289.406262104984,3704.573071279093,4339.512888002954,1794.7652700152648
2.0,5284.291053842745,3715.1232931017444,4342.741388009286,1787.7363018974158
3.0,5274.280123940051,3719.785662107753,4347.240032116345,1779.1064796144042
4.0,5270.637253642011,3715.382017761224,4342.8388125420115,1790.3230070709574
5.0,5271.731697322827,3713.7899192241157,4346.094879214554,1780.12445774559
