Number,A0,A1,A2,A3
0.0,0.0,0.0,0.0,0.0
1.0,4994.45045997107,3214.672418670174,4519.492685201234,2199.753076867857
2.0,5001.030257331493,3225.176674449373,4522.770810869869,2206.1068789961696
3.0,4998.495623539203,3214.8691837960996,4526.409032715582,2201.6219272124204
4.0,5009.091443537765,3215.8339982405064,4528.380875847127,2198.781802490409
