Number,A0,A1,A2,A3
0.0,0.0,0.0,0.0,0.0
1.0,4739.46799288802,2794.697383103213,4724.458588736008,2654.71309639344
2.0,4727.984605978319,2798.2075458915497,4721.451703573688,2658.300385526401
3.0,4727.968666985508,2788.0077817410256,4727.764756841996,2658.5260389711884
4.0,4721.417221922768,2798.673577727756,4720.35723551413,2660.5350262354177
5.0,4722.774598349683,2788.338869243808,4719.703181457334,2659.292640160887
6.0,4724.689311648403,2798.707904939123,4724.946217073315,2656.8578654388148
7.0,4723.808855473116,2794.8628094168002,4714.8309245348155,2656.6389012210934
