Number,A0,A1,A2,A3
0.0,0.0,0.0,0.0,0.0
1.0,4404.5166802655995,2379.7328740661364,5019.436566307565,3229.6374719468995
2.0,4402.885194367059,2369.576609886916,5021.585464398055,3231.961571293885
3.0,4413.003962888653,2368.6338650446114,5018.333950657843,3229.773526670347
4.0,4402.68914358291,2364.5200052652995,5018.822910532007,3231.1973770238455
