Number,A0,A1,A2,A3
0.0,0.0,0.0,0.0,0.0
1.0,3564.58878456932,5709.359122234302,1709.8080733836528,4644.489743196638
2.0,3552.153467972114,5714.726195506202,1704.8610521260712,4638.694516997305
3.0,3541.4477654111997,5713.756034838053,1703.8632090253468,4637.525586002461
4.0,3529.253803726921,5709.629961857066,1699.7661902494162,4638.856242533127
5.0,3527.5125730043756,5709.816749757961,1703.9751985697287,4628.853361798774
6.0,3538.107900221645,5704.43500874764,1702.4055251126058,4629.953344671117
7.0,3527.956464005883,5708.246917517715,1696.804319996538,4633.080829867186
8.0,3538.1351016408016,5701.757059927684,1698.6615675132446,4633.772592928265
