Number,A0,A1,A2,A3
0.0,0.0,0.0,0.0,0.0
1.0,4199.528601293182,1959.7800139368182,5299.4051397271105,3674.598613850356
2.0,4210.13873562312,1963.4175741479607,5305.63645064815,3677.7181418805344
3.0,4214.878922253738,1973.4346079128175,5307.27393379821,3676.324618093451
4.0,4204.177329902488,1977.4842010212635,5304.327591132657,3674.9248860347516
