Number,A0,A1,A2,A3
0.0,0.0,0.0,0.0,0.0
1.0,4079.5420698276625,1634.8275789365243,5704.37077114206,4119.537580316169
2.0,4069.3461127944643,1628.4357590587865,5708.76421085442,4116.640769286198
3.0,4071.4128480215486,1638.6133225122308,5708.251217031948,4117.257286188229
4.0,4071.5370843426867,1628.5506066840069,5707.597845296183,4115.872230879568
