Number,A0,A1,A2,A3
0.0,0.0,0.0,0.0,0.0
1.0,3914.5716767813947,1359.847356609221,6049.320961386607,4629.480339044627
2.0,3912.5500451083153,1349.4971349653408,6056.811952118408,4633.37971182862
3.0,3910.1343373906643,1339.2342016602074,6053.937634888052,4628.921243916983
