Number,A0,A1,A2,A3
0.0,0.0,0.0,0.0,0.0
1.0,4414.493382450083,1044.8937992310537,6389.282800538913,4549.489318067614
2.0,4412.160825480724,1049.3408247001564,6378.83493115943,4543.781721058104
3.0,4416.295251196744,1059.4925835457018,6375.436373914362,4545.859638867619
4.0,4417.253136257266,1063.541362467523,6378.815871368006,4535.787219471958
5.0,4421.752285303019,1058.9023122919234,6389.411316200449,4537.567078200513
6.0,4411.571383260074,1065.249880264448,6390.323276826789,4540.381670752237
