Number,A0,A1,A2,A3
0.0,0.0,0.0,0.0,0.0
1.0,4489.4960523348545,1342.3659523487313,6024.31267961247,3994.540522320765
2.0,4500.189990732476,1341.3711339575693,6022.70184562377,3991.2551998743916
3.0,4510.213185624372,1340.642313974148,6023.924722101751,3993.394026621969
4.0,4508.453625548118,1334.0387950490822,6029.716944179936,4003.4698230091285
5.0,4503.792953360435,1328.6720693809564,6040.113316214746,4002.9362324536887
6.0,4504.331381056478,1339.1896010403834,6033.715429277803,3997.5977532665775
7.0,4502.75745279338,1341.1124584322924,6030.606325023335,4007.655483443123
8.0,4501.04439667596,1338.7647630751985,6040.878620534636,4007.628561551969
