Number,A0,A1,A2,A3
0.0,0.0,0.0,0.0,0.0
1.0,4644.489743196638,1764.8129880241706,5709.359122234302,3569.599311099205
2.0,4640.686607201505,1775.5702389777136,5708.941127126279,3570.050312569283
3.0,4647.591239742733,1785.7207166960586,5714.602084224385,3572.1020655860066
4.0,4651.227382700392,1775.651220853919,5705.086510936201,3572.4793371981586
5.0,4645.276812147367,1785.9194288382027,5703.935240740046,3569.7470719200937
