Number,A0,A1,A2,A3
0.0,0.0,0.0,0.0,0.0
1.0,4829.457891487159,2213.259323060903,5429.390548814757,3054.668201278505
2.0,4835.542254607707,2217.9836953647346,5419.026784187716,3058.097288172904
