Number,A0,A1,A2,A3
0.0,0.0,0.0,0.0,0.0
1.0,5089.428709662451,2664.6897985779237,5179.4186082615915,2526.2086698271164
2.0,5085.758886279623,2660.2011526648607,5189.66557484443,2522.239142069406
