Number,A0,A1,A2,A3
0.0,0.0,0.0,0.0,0.0
1.0,5374.407809611882,3209.639716702646,4909.448912464172,1974.7672426511867
2.0,5364.088579636138,3213.2135824644556,4909.88423209794,1974.3593074053902
3.0,5370.669714703523,3210.152461946406,4909.080264713943,1984.4009165761802
