Number,A0,A1,A2,A3
0.0,0.0,0.0,0.0,0.0
1.0,5669.363611745795,3669.588087320471,4749.466870510147,1519.8293985632467
2.0,5669.684594888812,3679.883500291364,4747.197277758977,1511.5914764409304
3.0,5670.509204416403,3690.400593161489,4739.485566182729,1508.1360173377066
4.0,5671.212966615051,3687.817727120321,4740.055269860751,1497.9496601478336
