Number,A0,A1,A2,A3
0.0,0.0,0.0,0.0,0.0
1.0,6039.322083764481,4149.534213182549,4629.480339044627,1049.8821503232955
2.0,6033.6363833846335,4138.04993850729,4623.554772405786,1052.1489047237187
3.0,6033.6703275908585,4127.885026921331,4623.080475448212,1049.7600925906797
4.0,6030.965716012482,4117.052722102113,4619.176138649007,1055.6742305064895
5.0,6033.099058903989,4127.5164253084695,4616.100777490718,1047.89475230519
