Number,A0,A1,A2,A3
0.0,0.0,0.0,0.0,0.0
1.0,6439.277188649546,4629.480339044627,4569.487073311867,664.9364495902419
2.0,6438.078500142613,4628.655137533356,4569.877276664245,675.1864231052145
3.0,6433.139801189406,4631.300444729107,4575.539233568876,664.7981370128616
4.0,6422.653659192397,4630.690581727495,4578.061998669867,659.3477472235332
5.0,6429.074998230022,4634.313138162161,4574.72401303458,669.3558845742012
