Number,A0,A1,A2,A3
0.0,0.0,0.0,0.0,0.0
1.0,1014.8749909270309,4652.992115491092,3969.532240546627,6074.307067723103
2.0,1004.8338108049159,4656.526770288233,3974.811995959285,6067.090832139282
3.0,1010.5081751776405,4646.510932636273,3973.889094224152,6061.364401684628
4.0,1000.3339399839789,4647.059603746741,3972.042744107757,6061.8515126116035
5.0,1010.3412578674937,4640.159946566357,3978.5261354911263,6066.328606636178
6.0,1010.1775639734551,4645.513050850583,3968.46714393852,6065.213980323062
