Number,A0,A1,A2,A3
0.0,0.0,0.0,0.0,0.0
1.0,2504.7077566238977,5194.40583697596,2418.72849679243,5129.424220150958
2.0,2502.33324624016,5192.183609600108,2429.4574722427924,5124.670807773291
3.0,2507.1151470634145,5188.856786630396,2427.680413414596,5112.1923296476125
4.0,2512.5488122538914,5183.699180634204,2417.032639549063,5118.303049897396
5.0,2511.0871132274265,5183.030560656844,2406.7586293164436,5111.141317055765
6.0,2510.4696698692424,5189.756442812974,2416.8097948352147,5114.342379084195
7.0,2509.0868225286226,5186.216873018352,2421.193831212635,5104.083572224849
