Number,A0,A1,A2,A3
0.0,0.0,0.0,0.0,0.0
1.0,3059.656552370747,5449.38830405901,1960.779901699031,4889.451157219919
2.0,3058.389708130672,5460.326652717656,1959.0299419152568,4879.662687161726
3.0,3061.0061469354982,5460.453775942884,1958.0041644235891,4890.536296433908
4.0,3057.063239161708,5461.86046204535,1962.6742746177842,4900.997783336403
5.0,3058.0779222421866,5459.44831137731,1959.3921913023296,4911.201095160366
