Number,A0,A1,A2,A3
0.0,0.0,0.0,0.0,0.0
1.0,3519.582747550929,5769.352387967062,1414.8522712497386,4659.476971911006
2.0,3521.9454119871198,5780.073968405289,1413.6659883650789,4659.206159453001
3.0,3532.1883086270223,5778.699795186067,1412.4839972237987,4662.52463107243
4.0,3529.651998821445,5776.995038958909,1408.0585148974621,4672.8319416904915
5.0,3525.8093576425917,5779.487827195997,1411.175274332773,4662.808113271947
6.0,3535.927469867634,5783.091338003555,1414.8289977127426,4665.914349421415
