Number,A0,A1,A2,A3
0.0,0.0,0.0,0.0,0.0
1.0,4029.5476817170297,6104.303700589483,995.8793409887546,4546.489654780976
2.0,4040.0953270362306,6111.561417505646,992.3863559177112,4547.533702317966
3.0,4030.031909478387,6111.024760410297,991.7253300265314,4547.528200031229
