Number,A0,A1,A2,A3
0.0,0.0,0.0,0.0,0.0
1.0,4509.493807579108,6409.280555783166,1024.8960439868004,4404.5166802655995
2.0,4501.429735658447,6398.610612027339,1023.6965910331629,4402.407370182814
3.0,4491.377813859497,6400.3019397165035,1019.9696712025607,4403.357469506157
