Number,A0,A1,A2,A3
0.0,0.0,0.0,0.0,0.0
1.0,4609.4825838003735,6099.31534949724,1029.8843950790422,4009.549926472776
2.0,4608.428568579898,6097.770223918942,1019.8223892550951,4006.455149417159
3.0,4602.2480026010835,6087.630149141355,1020.869642515243,4011.088015410639
4.0,4606.647051323637,6097.95539330775,1021.3921471156799,4010.811263692117
