Number,A0,A1,A2,A3
0.0,0.0,0.0,0.0,0.0
1.0,4069.543192205536,5699.360244612176,1264.8469314801964,4114.527053786284
2.0,4065.5969372969867,5709.398263112492,1263.8312209171975,4118.188894852133
