Number,A0,A1,A2,A3
0.0,0.0,0.0,0.0,0.0
1.0,2649.7025698635553,4734.479641795778,2589.7093041307958,4699.472482399513
2.0,2651.8755289866435,4740.893951832359,2583.677697134239,4709.794710584842
3.0,2662.1490656654396,4743.502319617323,2578.7369223391365,4715.293962675364
