Number,A0,A1,A2,A3
0.0,0.0,0.0,0.0,0.0
1.0,2209.7519544899837,4514.504334108992,3089.6531852371268,5059.432076796072
2.0,2204.8210920281304,4524.954656084563,3089.887078118104,5063.24556099851
3.0,2194.0370563727274,4529.00531665368,3082.9077183163786,5066.081998960305
4.0,2196.492290230909,4539.047967603667,3079.8076848562046,5063.653051268857
5.0,2198.330383440793,4528.407909001833,3078.2901067573903,5065.879840338338
