Number,A0,A1,A2,A3
0.0,0.0,0.0,0.0,0.0
1.0,1709.8080733836528,4319.515132758702,3604.5842950578267,5304.415666256996
2.0,1699.616081726928,4324.174578932401,3596.395530339994,5304.8624145363565
3.0,1701.8379643499045,4334.349625914054,3604.485562650797,5312.967086247346
4.0,1691.4565885063366,4332.7292993154315,3612.40471158409,5311.300280999557
5.0,1694.9219579052967,4327.283819226462,3601.900665867708,5308.498040094382
