Number,A0,A1,A2,A3
0.0,0.0,0.0,0.0,0.0
1.0,1259.8585803879546,4194.54025020094,4069.543192205536,5619.369223635163
2.0,1249.8012360828407,4201.623598544966,4069.8512647057228,5619.794621043283
3.0,1254.6307811900135,4212.088166871968,4069.8669988829906,5624.848133530768
4.0,1264.1229562778608,4201.654743766798,4066.5307619370187,5629.154709976996
5.0,1256.826060968411,4212.142720177504,4065.3890402436923,5630.253691665583
6.0,1265.2286319851441,4202.0712674311935,4061.5188220855216,5628.000512235355
