Number,A0,A1,A2,A3
0.0,0.0,0.0,0.0,0.0
1.0,929.895618857776,4094.529298542031,4529.49156282336,6004.337099805859
2.0,939.9876193723558,4090.289929004536,4524.3157217481385,6008.22039189104
3.0,929.7901890913197,4089.1349001081167,4523.169081130265,6005.937028794649
4.0,939.8987244021355,4090.021489322088,4521.548093902813,6004.676543397141
5.0,929.8486503322616,4087.795057795662,4526.603681983973,6007.253505689389
